Unnamed: 0,Unnamed: 0.1,Unnamed: 0.1.1,Unnamed: 0.1.1.1,assists,attempted_passes,big_chances_created,big_chances_missed,bonus,bps,clean_sheets,clearances_blocks_interceptions,completed_passes,creativity,dribbles,ea_index,element,errors_leading_to_goal,errors_leading_to_goal_attempt,fixture,fouls,goals_conceded,goals_scored,ict_index,id,influence,key_passes,kickoff_time,kickoff_time_formatted,loaned_in,loaned_out,minutes,offside,open_play_crosses,opponent_team,own_goals,penalties_conceded,penalties_missed,penalties_saved,recoveries,red_cards,round,saves,selected,tackled,tackles,target_missed,team_a_score,team_h_score,threat,total_points,transfers_balance,transfers_in,transfers_out,value,was_home,winning_goals,yellow_cards,own_FDR,opp_FDR,gw,season,expected_assists,expected_goal_involvements,expected_goals,expected_goals_conceded,starts,player
0,0,0,0.0,1,79.0,1.0,0.0,2,41,1,1.0,70.0,30.3,0.0,0.0,247,0.0,0.0,5,0.0,0,0,7.3,247.0,32.2,2.0,2018-08-12T12:30:00Z,12 Aug 13:30,0.0,0.0,90,0.0,1.0,19,0,0.0,0,0,3.0,0,1,0,720845,1.0,2.0,0.0,0,4,10.0,11,0,0,0,60,True,0.0,0,5,3,1,2018-19,,,,,,Andrew_Robertson
1,1,1,1.0,0,81.0,1.0,0.0,1,35,1,1.0,75.0,27.4,1.0,0.0,247,0.0,0.0,15,1.0,0,0,5.5,772.0,17.6,3.0,2018-08-20T19:00:00Z,20 Aug 20:00,0.0,0.0,90,0.0,0.0,7,0,0.0,0,0,1.0,0,2,0,876719,2.0,4.0,1.0,2,0,10.0,7,67654,90652,22998,60,False,0.0,0,4,2,2,2018-19,,,,,,Andrew_Robertson
2,2,2,2.0,0,55.0,1.0,0.0,3,35,1,2.0,49.0,48.7,0.0,0.0,247,0.0,0.0,25,0.0,0,0,7.7,1299.0,18.0,4.0,2018-08-25T16:30:00Z,25 Aug 17:30,0.0,0.0,90,0.0,1.0,3,0,0.0,0,0,3.0,0,3,0,1024109,1.0,2.0,0.0,0,1,10.0,9,102358,147821,45463,60,True,0.0,0,5,2,3,2018-19,,,,,,Andrew_Robertson
3,3,3,3.0,1,41.0,0.0,0.0,0,20,0,3.0,30.0,12.8,1.0,0.0,247,0.0,0.0,37,1.0,1,0,5.1,1830.0,32.0,1.0,2018-09-01T11:30:00Z,01 Sep 12:30,0.0,0.0,90,0.0,0.0,11,0,0.0,0,0,5.0,0,4,0,1178533,0.0,0.0,0.0,2,1,6.0,5,117392,151514,34122,61,False,0.0,0,4,3,4,2018-19,,,,,,Andrew_Robertson
4,4,4,4.0,0,47.0,0.0,0.0,0,10,0,3.0,32.0,12.2,1.0,0.0,247,0.0,0.0,48,0.0,1,0,3.3,2367.0,20.4,1.0,2018-09-15T11:30:00Z,15 Sep 12:30,0.0,0.0,90,0.0,0.0,17,0,0.0,0,0,4.0,0,5,0,1308899,0.0,0.0,0.0,2,1,0.0,2,102355,159127,56772,61,False,0.0,0,4,4,5,2018-19,,,,,,Andrew_Robertson
5,5,5,5.0,0,96.0,0.0,0.0,1,24,1,4.0,81.0,6.8,0.0,0.0,247,0.0,0.0,58,0.0,0,0,2.9,2904.0,16.2,0.0,2018-09-22T14:00:00Z,22 Sep 15:00,0.0,0.0,90,0.0,0.0,16,0,0.0,0,0,7.0,0,6,0,1475126,1.0,0.0,1.0,0,3,6.0,7,143142,170915,27773,62,True,0.0,0,5,2,6,2018-19,,,,,,Andrew_Robertson
6,6,6,6.0,0,55.0,1.0,0.0,0,15,0,2.0,47.0,18.2,0.0,0.0,247,0.0,0.0,64,0.0,1,0,3.3,3442.0,12.4,1.0,2018-09-29T16:30:00Z,29 Sep 17:30,0.0,0.0,90,0.0,1.0,6,0,0.0,0,0,5.0,0,7,0,1537823,2.0,0.0,0.0,1,1,2.0,2,67105,108422,41317,63,False,0.0,0,4,4,7,2018-19,,,,,,Andrew_Robertson
7,7,7,7.0,0,49.0,0.0,0.0,0,26,1,3.0,43.0,13.6,3.0,0.0,247,0.0,1.0,76,1.0,0,0,3.2,3981.0,14.4,1.0,2018-10-07T15:30:00Z,07 Oct 16:30,0.0,0.0,90,0.0,0.0,13,0,0.0,0,0,6.0,0,8,0,1525643,3.0,1.0,0.0,0,0,4.0,6,-14582,39027,53609,63,True,0.0,0,5,4,8,2018-19,,,,,,Andrew_Robertson
8,8,8,8.0,0,66.0,0.0,0.0,2,28,1,5.0,53.0,3.3,1.0,0.0,247,0.0,0.0,86,1.0,0,0,4.8,4523.0,16.8,0.0,2018-10-20T16:30:00Z,20 Oct 17:30,0.0,0.0,90,0.0,0.0,10,0,0.0,0,0,14.0,0,9,0,1666151,2.0,1.0,0.0,1,0,28.0,8,105766,128352,22586,63,False,0.0,0,4,2,9,2018-19,,,,,,Andrew_Robertson
9,9,9,9.0,0,0.0,0.0,0.0,0,0,0,0.0,0.0,0.0,0.0,0.0,247,0.0,0.0,96,0.0,0,0,0.0,5069.0,0.0,0.0,2018-10-27T14:00:00Z,27 Oct 15:00,0.0,0.0,0,0.0,0.0,5,0,0.0,0,0,0.0,0,10,0,1798466,0.0,0.0,0.0,1,4,0.0,0,122645,134549,11904,64,True,0.0,0,5,2,10,2018-19,,,,,,Andrew_Robertson
10,10,10,10.0,0,56.0,0.0,0.0,0,13,0,1.0,40.0,1.7,2.0,0.0,247,0.0,0.0,101,0.0,1,0,3.1,5617.0,12.0,0.0,2018-11-03T17:30:00Z,03 Nov 17:30,0.0,0.0,90,0.0,0.0,1,0,0.0,0,0,8.0,0,11,0,1723872,1.0,1.0,0.0,1,1,17.0,2,-61563,27778,89341,64,False,0.0,0,4,4,11,2018-19,,,,,,Andrew_Robertson
11,11,11,11.0,1,90.0,1.0,0.0,3,43,1,4.0,79.0,29.6,0.0,0.0,247,0.0,0.0,117,0.0,0,0,9.1,6167.0,38.8,2.0,2018-11-11T12:00:00Z,11 Nov 12:00,0.0,0.0,90,0.0,1.0,9,0,0.0,0,0,11.0,0,12,0,1787503,1.0,1.0,0.0,0,2,23.0,12,43432,67673,24241,64,True,0.0,0,5,2,12,2018-19,,,,,,Andrew_Robertson
12,12,12,12.0,0,74.0,1.0,0.0,1,32,1,2.0,67.0,20.3,2.0,0.0,247,0.0,0.0,128,0.0,0,0,4.3,6719.0,14.8,1.0,2018-11-24T15:00:00Z,24 Nov 15:00,0.0,0.0,90,0.0,1.0,18,0,0.0,0,0,8.0,0,13,0,1987297,2.0,0.0,0.0,3,0,8.0,7,182342,196535,14193,65,False,0.0,0,4,3,13,2018-19,,,,,,Andrew_Robertson
13,13,13,13.0,0,63.0,0.0,0.0,0,24,1,3.0,46.0,18.3,0.0,0.0,247,0.0,0.0,137,0.0,0,0,3.8,7272.0,17.4,1.0,2018-12-02T16:15:00Z,02 Dec 16:15,0.0,0.0,90,0.0,1.0,8,0,0.0,0,0,8.0,0,14,0,2009873,1.0,0.0,0.0,0,1,2.0,6,25856,47298,21442,65,True,0.0,0,5,2,14,2018-19,,,,,,Andrew_Robertson
14,14,14,14.0,0,0.0,0.0,0.0,0,0,0,0.0,0.0,0.0,0.0,0.0,247,0.0,0.0,143,0.0,0,0,0.0,7828.0,0.0,0.0,2018-12-05T19:45:00Z,05 Dec 19:45,0.0,0.0,0,0.0,0.0,4,0,0.0,0,0,0.0,0,15,0,1907187,0.0,0.0,0.0,3,1,0.0,0,-92037,26588,118625,65,False,0.0,0,4,3,15,2018-19,,,,,,Andrew_Robertson
15,15,15,15.0,1,65.0,0.0,0.0,2,34,1,2.0,53.0,23.0,0.0,0.0,247,0.0,0.0,152,0.0,0,0,5.2,8386.0,21.0,1.0,2018-12-08T12:30:00Z,08 Dec 12:30,0.0,0.0,90,0.0,1.0,2,0,0.0,0,0,6.0,0,16,0,1820364,2.0,0.0,0.0,4,0,8.0,11,-91629,27244,118873,64,False,0.0,0,4,3,16,2018-19,,,,,,Andrew_Robertson
16,16,16,16.0,0,64.0,0.0,0.0,0,18,0,2.0,55.0,51.4,2.0,0.0,247,0.0,0.0,165,0.0,1,0,7.6,8945.0,17.0,4.0,2018-12-16T16:00:00Z,16 Dec 16:00,0.0,0.0,90,0.0,1.0,14,0,0.0,0,0,7.0,0,17,0,1945450,1.0,0.0,1.0,1,3,8.0,2,98614,115022,16408,65,True,0.0,0,5,4,17,2018-19,,,,,,Andrew_Robertson
17,17,17,17.0,0,68.0,0.0,0.0,0,25,1,2.0,55.0,16.8,1.0,0.0,247,0.0,1.0,180,0.0,0,0,3.2,9507.0,14.8,1.0,2018-12-21T20:00:00Z,21 Dec 20:00,0.0,0.0,90,0.0,0.0,20,0,0.0,0,0,8.0,0,18,0,2054054,1.0,0.0,0.0,2,0,0.0,6,95992,107216,11224,66,False,0.0,0,4,3,18,2018-19,,,,,,Andrew_Robertson
18,18,18,18.0,0,105.0,0.0,0.0,0,26,1,2.0,90.0,18.3,0.0,0.0,247,0.0,1.0,186,0.0,0,0,3.1,10072.0,7.0,1.0,2018-12-26T15:00:00Z,26 Dec 15:00,0.0,0.0,81,0.0,0.0,15,0,0.0,0,0,9.0,0,19,0,2117967,0.0,0.0,0.0,0,4,6.0,6,55262,76248,20986,66,True,0.0,0,5,2,19,2018-19,,,,,,Andrew_Robertson
19,19,19,19.0,0,52.0,0.0,0.0,0,9,0,2.0,36.0,2.8,1.0,0.0,247,0.0,0.0,196,2.0,1,0,1.1,10640.0,8.6,0.0,2018-12-29T17:30:00Z,29 Dec 17:30,0.0,0.0,82,0.0,0.0,1,0,0.0,0,0,8.0,0,20,0,2102117,2.0,3.0,0.0,1,5,0.0,1,-13770,34069,47839,66,True,0.0,1,5,4,20,2018-19,,,,,,Andrew_Robertson
20,20,20,20.0,1,58.0,1.0,0.0,1,28,0,3.0,47.0,14.6,1.0,0.0,247,0.0,0.0,207,0.0,2,0,4.9,11208.0,32.4,1.0,2019-01-03T20:00:00Z,03 Jan 20:00,0.0,0.0,90,0.0,0.0,13,0,0.0,0,0,10.0,0,21,0,2046489,0.0,0.0,0.0,1,2,2.0,5,-64137,27413,91550,66,False,0.0,0,4,5,21,2018-19,,,,,,Andrew_Robertson
21,21,21,21.0,0,77.0,1.0,0.0,3,31,1,2.0,65.0,19.8,1.0,0.0,247,0.0,0.0,211,0.0,0,0,4.2,11778.0,18.6,1.0,2019-01-12T15:00:00Z,12 Jan 15:00,0.0,0.0,90,0.0,1.0,3,0,0.0,0,0,7.0,0,22,0,2065389,2.0,1.0,0.0,1,0,4.0,9,-466,60333,60799,66,False,0.0,0,4,2,22,2018-19,,,,,,Andrew_Robertson
22,22,22,22.0,1,74.0,0.0,0.0,1,28,0,2.0,61.0,42.5,1.0,0.0,247,0.0,0.0,225,0.0,3,0,11.4,12352.0,41.6,3.0,2019-01-19T15:00:00Z,19 Jan 15:00,0.0,0.0,90,0.0,1.0,7,0,0.0,0,0,4.0,0,23,0,2231418,3.0,3.0,1.0,3,4,30.0,5,150803,178612,27809,67,True,0.0,0,5,2,23,2018-19,,,,,,Andrew_Robertson
23,23,23,23.0,0,84.0,0.0,0.0,0,9,0,1.0,69.0,9.8,1.0,0.0,247,0.0,0.0,237,1.0,1,0,2.9,12931.0,8.0,0.0,2019-01-30T20:00:00Z,30 Jan 20:00,0.0,0.0,90,0.0,0.0,11,0,0.0,0,0,2.0,0,24,0,2305780,0.0,0.0,1.0,1,1,11.0,2,65687,88949,23262,67,True,0.0,0,5,3,24,2018-19,,,,,,Andrew_Robertson
24,24,24,24.0,0,64.0,0.0,0.0,0,8,0,3.0,47.0,4.4,0.0,0.0,247,0.0,0.0,250,1.0,1,0,2.0,13538.0,10.8,0.0,2019-02-04T20:00:00Z,04 Feb 20:00,0.0,0.0,90,1.0,0.0,19,0,0.0,0,0,6.0,0,25,0,2313804,0.0,0.0,1.0,1,1,5.0,2,15664,40343,24679,68,False,0.0,0,4,3,25,2018-19,,,,,,Andrew_Robertson
25,25,25,25.0,1,78.0,1.0,0.0,1,33,1,5.0,68.0,25.8,0.0,0.0,247,0.0,0.0,255,3.0,0,0,7.2,14168.0,44.4,2.0,2019-02-09T15:00:00Z,09 Feb 15:00,0.0,0.0,90,0.0,0.0,2,0,0.0,0,0,7.0,0,26,0,2335817,1.0,0.0,0.0,0,3,2.0,9,2625,35335,32710,68,True,0.0,1,5,2,26,2018-19,,,,,,Andrew_Robertson
26,26,26,26.0,0,30.0,0.0,0.0,2,29,1,0.0,24.0,12.3,1.0,0.0,247,0.0,0.0,268,1.0,0,0,2.9,14699.0,10.4,1.0,2019-02-24T14:05:00Z,24 Feb 14:05,0.0,0.0,90,0.0,0.0,14,0,0.0,0,0,3.0,0,27,0,2323290,1.0,3.0,0.0,0,0,6.0,8,4981,40386,35405,68,False,0.0,0,4,4,27,2018-19,,,,,,Andrew_Robertson
27,27,27,27.0,2,64.0,1.0,0.0,1,45,1,0.0,53.0,27.3,3.0,0.0,247,0.0,0.0,277,3.0,0,0,7.8,15252.0,43.0,2.0,2019-02-27T20:00:00Z,27 Feb 20:00,0.0,0.0,90,0.0,1.0,18,0,0.0,0,0,4.0,0,28,0,2383956,1.0,0.0,1.0,0,5,8.0,13,29021,41497,12476,68,True,0.0,0,5,3,28,2018-19,,,,,,Andrew_Robertson
28,28,28,28.0,0,49.0,0.0,0.0,0,21,1,8.0,35.0,22.0,0.0,0.0,247,0.0,0.0,284,2.0,0,0,4.5,15857.0,20.6,2.0,2019-03-03T16:15:00Z,03 Mar 16:15,0.0,0.0,90,0.0,0.0,8,0,0.0,0,0,8.0,0,29,0,2402501,2.0,0.0,0.0,0,0,2.0,5,16000,34360,18360,68,False,0.0,1,4,3,29,2018-19,,,,,,Andrew_Robertson
29,29,29,29.0,0,69.0,0.0,0.0,0,18,0,1.0,56.0,34.2,0.0,0.0,247,0.0,0.0,297,0.0,2,0,7.0,16463.0,14.2,2.0,2019-03-10T12:00:00Z,10 Mar 12:00,0.0,0.0,90,0.0,2.0,4,0,0.0,0,0,7.0,0,30,0,2418969,0.0,1.0,0.0,2,4,22.0,1,11242,29122,17880,69,True,0.0,0,5,2,30,2018-19,,,,,,Andrew_Robertson
30,30,30,30.0,0,76.0,0.0,0.0,0,13,0,0.0,64.0,35.3,0.0,0.0,247,0.0,0.0,305,0.0,1,0,9.3,16984.0,16.2,2.0,2019-03-17T14:15:00Z,17 Mar 14:15,0.0,0.0,90,0.0,1.0,9,0,0.0,0,0,5.0,0,31,0,2370656,3.0,1.0,0.0,2,1,41.0,2,-2580,23648,26228,69,False,0.0,0,4,2,31,2018-19,,,,,,Andrew_Robertson
31,31,31,31.0,1,63.0,1.0,0.0,3,30,0,4.0,53.0,18.0,1.0,0.0,247,0.0,0.0,318,0.0,1,0,5.7,17478.0,35.2,1.0,2019-03-31T15:30:00Z,31 Mar 16:30,0.0,0.0,90,0.0,1.0,17,0,0.0,0,0,8.0,0,32,0,2199021,1.0,1.0,0.0,1,2,4.0,8,-115501,11657,127158,69,True,0.0,0,5,4,32,2018-19,,,,,,Andrew_Robertson
32,32,32,32.0,0,62.0,0.0,0.0,0,10,0,2.0,54.0,22.3,0.0,0.0,247,0.0,0.0,327,1.0,1,0,3.9,18220.0,14.2,1.0,2019-04-05T19:00:00Z,05 Apr 20:00,0.0,0.0,90,0.0,1.0,16,0,0.0,0,0,5.0,0,33,0,2371798,0.0,0.0,0.0,3,1,2.0,1,47447,55364,7917,68,False,0.0,1,4,2,33,2018-19,,,,,,Andrew_Robertson
33,33,33,33.0,0,61.0,0.0,0.0,0,24,1,2.0,54.0,19.4,0.0,0.0,247,0.0,0.0,336,0.0,0,0,3.3,18698.0,11.4,0.0,2019-04-14T15:30:00Z,14 Apr 16:30,0.0,0.0,90,0.0,1.0,6,0,0.0,0,0,5.0,0,34,0,2308610,3.0,1.0,0.0,0,2,2.0,6,-55144,24924,80068,68,True,0.0,0,5,4,34,2018-19,,,,,,Andrew_Robertson
34,34,34,34.0,0,58.0,0.0,0.0,0,26,1,2.0,50.0,9.2,2.0,0.0,247,0.0,0.0,343,0.0,0,0,2.9,19369.0,19.6,0.0,2019-04-21T15:00:00Z,21 Apr 16:00,0.0,0.0,90,0.0,1.0,5,0,0.0,0,0,5.0,0,35,0,2287253,1.0,0.0,0.0,2,0,0.0,6,-14936,25036,39972,68,False,0.0,0,4,2,35,2018-19,,,,,,Andrew_Robertson
35,35,35,35.0,2,68.0,2.0,0.0,2,51,1,0.0,60.0,48.7,1.0,0.0,247,0.0,0.0,356,1.0,0,0,10.2,20183.0,46.8,4.0,2019-04-26T19:00:00Z,26 Apr 20:00,0.0,0.0,90,0.0,1.0,10,0,0.0,0,0,5.0,0,36,0,2316050,1.0,0.0,0.0,0,5,6.0,14,15389,32054,16665,68,True,0.0,0,5,2,36,2018-19,,,,,,Andrew_Robertson
36,36,36,36.0,0,78.0,0.0,0.0,0,15,0,2.0,68.0,31.3,1.0,0.0,247,0.0,0.0,368,0.0,2,0,6.0,20798.0,15.0,2.0,2019-05-04T18:45:00Z,04 May 19:45,0.0,0.0,90,0.0,1.0,15,0,0.0,0,0,3.0,0,37,0,2345516,0.0,0.0,1.0,3,2,14.0,1,25131,34816,9685,68,False,0.0,0,4,3,37,2018-19,,,,,,Andrew_Robertson
37,37,37,37.0,0,81.0,1.0,0.0,0,29,1,1.0,66.0,14.8,1.0,0.0,247,0.0,0.0,376,0.0,0,0,3.9,21414.0,15.0,1.0,2019-05-12T14:00:00Z,12 May 15:00,0.0,0.0,83,0.0,0.0,20,0,0.0,0,0,8.0,0,38,0,2063179,0.0,0.0,0.0,0,2,9.0,6,-260556,10722,271278,67,True,0.0,0,5,3,38,2018-19,,,,,,Andrew_Robertson
0,0,0,0.0,0,,,,0,15,0,,,24.7,,,181,,,1,,1,0,4.4,,12.4,,2019-08-09T19:00:00Z,,,,90,,,14,0,,0,0,,0,1,0,1889240,,,,1,4,7.0,2,0,0,0,70,True,,0,5,2,1,2019-20,,,,,,Andrew_Robertson
1,1,1,1.0,0,,,,0,14,0,,,18.3,,,181,,,19,,1,0,6.3,,23.8,,2019-08-17T14:00:00Z,,,,90,,,16,0,,0,0,,0,2,0,1844951,,,,2,1,21.0,2,-128747,22660,151407,70,False,,0,4,2,2,2019-20,,,,,,Andrew_Robertson
2,2,2,2.0,0,,,,0,21,0,,,49.8,,,181,,,24,,1,0,11.2,,25.0,,2019-08-24T16:30:00Z,,,,90,,,1,0,,0,0,,0,3,0,1626092,,,,1,3,37.0,2,-241307,22333,263640,70,True,,0,5,3,3,2019-20,,,,,,Andrew_Robertson
3,3,3,3.0,0,,,,0,26,1,,,5.0,,,181,,,32,,0,0,1.6,,9.0,,2019-08-31T16:30:00Z,,,,90,,,5,0,,0,0,,0,4,0,1481300,,,,3,0,2.0,6,-169054,24738,193792,69,False,,0,4,3,4,2019-20,,,,,,Andrew_Robertson
4,4,4,4.0,1,,,,0,26,0,,,33.7,,,181,,,44,,1,0,11.2,,40.8,,2019-09-14T11:30:00Z,,,,90,,,13,0,,0,0,,0,5,0,1382365,,,,1,3,37.0,5,-119376,34980,154356,69,True,,0,5,2,5,2019-20,,,,,,Andrew_Robertson
5,5,5,5.0,1,,,,3,30,0,,,16.7,,,181,,,53,,1,0,5.6,,37.6,,2019-09-22T15:30:00Z,,,,90,,,6,0,,0,0,,0,6,0,1318624,,,,2,1,2.0,8,-72129,21325,93454,69,False,,0,4,4,6,2019-20,,,,,,Andrew_Robertson
6,6,6,6.0,0,,,,0,26,1,,,17.0,,,181,,,68,,0,0,3.8,,18.0,,2019-09-28T11:30:00Z,,,,90,,,15,0,,0,0,,0,7,0,1336086,,,,1,0,3.0,6,-470,57616,58086,69,False,,0,4,3,7,2019-20,,,,,,Andrew_Robertson
7,7,7,7.0,0,,,,0,20,0,,,16.9,,,181,,,74,,1,0,5.7,,19.0,,2019-10-05T14:00:00Z,,,,90,,,9,0,,0,0,,0,8,0,1347696,,,,1,2,21.0,2,4261,37689,33428,69,True,,0,5,3,8,2019-20,,,,,,Andrew_Robertson
8,8,8,8.0,1,,,,3,32,0,,,33.2,,,181,,,87,,1,0,7.5,,40.2,,2019-10-20T15:30:00Z,,,,90,,,12,0,,0,0,,0,9,0,1332521,,,,1,1,2.0,8,-23734,34739,58473,69,False,,0,4,4,9,2019-20,,,,,,Andrew_Robertson
9,9,9,9.0,0,,,,0,25,0,,,32.0,,,181,,,94,,1,0,7.0,,21.8,,2019-10-27T16:30:00Z,,,,90,,,17,0,,0,0,,0,10,0,1362420,,,,1,2,16.0,2,23000,56224,33224,69,True,,0,5,3,10,2019-20,,,,,,Andrew_Robertson
10,10,10,10.0,0,,,,1,25,0,,,24.1,,,181,,,102,,1,1,11.4,,54.6,,2019-11-02T15:00:00Z,,,,90,,,2,0,,0,0,,0,11,0,1433018,,,,2,1,35.0,9,56073,87824,31751,69,False,,0,4,2,11,2019-20,,,,,,Andrew_Robertson
11,11,11,11.0,1,,,,0,24,0,,,29.7,,,181,,,114,,1,0,6.6,,36.2,,2019-11-10T16:30:00Z,,,,90,,,11,0,,0,0,,0,12,0,1499335,,,,1,3,0.0,5,61932,81187,19255,69,True,,0,5,4,12,2019-20,,,,,,Andrew_Robertson
12,12,12,12.0,1,,,,1,25,0,,,23.3,,,181,,,125,,1,0,6.0,,37.0,,2019-11-23T15:00:00Z,,,,90,,,7,0,,0,0,,0,13,0,1478536,,,,2,1,0.0,6,-22245,83478,105723,70,False,,0,4,3,13,2019-20,,,,,,Andrew_Robertson
13,13,13,13.0,0,,,,0,9,0,,,5.7,,,181,,,134,,1,0,3.0,,11.6,,2019-11-30T15:00:00Z,,,,90,,,4,0,,0,0,,0,14,0,1610506,,,,1,2,13.0,2,108997,123886,14889,70,True,,0,5,2,14,2019-20,,,,,,Andrew_Robertson
14,14,14,14.0,0,,,,0,9,0,,,26.3,,,181,,,149,,2,0,4.0,,13.6,,2019-12-04T20:15:00Z,,,,90,,,8,0,,0,0,,0,15,0,1603499,,,,2,5,0.0,1,-3577,26982,30559,71,True,,0,5,2,15,2019-20,,,,,,Andrew_Robertson
15,15,15,15.0,0,,,,0,24,1,,,3.6,,,181,,,152,,0,0,1.2,,6.0,,2019-12-07T15:00:00Z,,,,75,,,3,0,,0,0,,0,16,0,1570537,,,,3,0,2.0,6,-35914,23372,59286,71,False,,0,4,2,16,2019-20,,,,,,Andrew_Robertson
16,16,16,16.0,0,,,,0,4,0,,,11.3,,,181,,,166,,0,0,1.9,,4.0,,2019-12-14T12:30:00Z,,,,31,,,18,0,,0,0,,0,17,0,1579479,,,,0,2,4.0,1,12,41800,41788,71,True,,0,5,2,17,2019-20,,,,,,Andrew_Robertson
17,17,17,17.0,0,,,,1,39,1,,,38.2,,,181,,,186,,0,0,7.3,,31.0,,2019-12-26T20:00:00Z,,,,90,,,9,0,,0,0,,0,19,0,1404491,,,,4,0,4.0,7,-21789,17376,39165,70,False,,0,4,3,19,2019-20,,,,,,Andrew_Robertson
18,18,18,18.0,0,,,,0,19,1,,,16.5,,,181,,,194,,0,0,3.0,,11.6,,2019-12-29T16:30:00Z,,,,90,,,20,0,,0,0,,0,20,0,1372422,,,,0,1,2.0,6,-36454,25518,61972,70,True,,0,5,4,20,2019-20,,,,,,Andrew_Robertson
19,19,19,19.0,1,,,,3,46,1,,,66.3,,,181,,,204,,0,0,11.4,,33.4,,2020-01-02T20:00:00Z,,,,87,,,15,0,,0,0,,0,21,0,1360684,,,,0,2,14.0,12,-15332,39146,54478,70,True,,0,5,3,21,2019-20,,,,,,Andrew_Robertson
20,20,20,20.0,0,,,,0,21,1,,,10.9,,,181,,,219,,0,0,2.7,,6.4,,2020-01-11T17:30:00Z,,,,90,,,17,0,,0,0,,0,22,0,1413313,,,,1,0,10.0,6,44946,80176,35230,70,False,,0,4,4,22,2019-20,,,,,,Andrew_Robertson
21,21,21,21.0,0,,,,0,24,1,,,18.6,,,181,,,224,,0,0,3.4,,11.0,,2020-01-19T16:30:00Z,,,,90,,,12,0,,0,0,,0,23,0,1465772,,,,0,2,4.0,6,48096,79168,31072,70,True,,0,5,4,23,2019-20,,,,,,Andrew_Robertson
22,22,22,22.0,0,,,,0,11,0,,,20.5,,,181,,,237,,1,0,3.1,,10.0,,2020-01-23T20:00:00Z,,,,90,,,20,0,,0,0,,0,24,0,1532185,,,,2,1,0.0,1,62628,103141,40513,70,False,,1,4,3,24,2019-20,,,,,,Andrew_Robertson
23,23,23,23.0,0,,,,0,24,1,,,6.4,,,181,,,180,,0,0,2.2,,7.4,,2020-01-29T19:45:00Z,,,,90,,,19,0,,0,0,,0,24,0,1532185,,,,2,0,8.0,6,62628,103141,40513,70,False,,0,4,2,24,2019-20,,,,,,Andrew_Robertson
24,24,24,24.0,0,,,,0,29,1,,,4.8,,,181,,,245,,0,0,3.1,,23.8,,2020-02-01T15:00:00Z,,,,90,,,16,0,,0,0,,0,25,0,1538739,,,,0,4,2.0,6,3588,60726,57138,70,True,,0,5,3,25,2019-20,,,,,,Andrew_Robertson
25,25,25,25.0,0,,,,3,29,1,,,55.3,,,181,,,257,,0,0,9.8,,18.4,,2020-02-15T17:30:00Z,,,,90,,,14,0,,0,0,,0,26,0,1525983,,,,1,0,24.0,9,-13412,29673,43085,70,False,,0,4,2,26,2019-20,,,,,,Andrew_Robertson
26,26,26,26.0,1,,,,0,32,0,,,80.7,,,181,,,266,,2,0,13.6,,46.6,,2020-02-24T20:00:00Z,,,,90,,,19,0,,0,0,,0,27,0,1548209,,,,2,3,9.0,4,17022,40181,23159,70,True,,0,5,2,27,2019-20,,,,,,Andrew_Robertson
27,27,27,27.0,0,,,,0,12,0,,,18.9,,,181,,,279,,3,0,5.3,,9.2,,2020-02-29T17:30:00Z,,,,90,,,18,0,,0,0,,0,28,0,1566765,,,,0,3,25.0,1,13513,38017,24504,70,False,,0,4,3,28,2019-20,,,,,,Andrew_Robertson
28,28,28,28.0,0,,,,0,0,0,,,0.0,,,181,,,286,,0,0,0.0,,0.0,,2020-03-07T12:30:00Z,,,,0,,,3,0,,0,0,,0,29,0,1533717,,,,1,2,0.0,0,-25942,27523,53465,70,True,,0,5,2,29,2019-20,,,,,,Andrew_Robertson
29,29,29,29.0,0,,,,0,0,0,,,0.0,,,181,,,294,,0,0,0.0,,0.0,,2020-06-21T18:00:00Z,,,,0,,,8,0,,0,0,,0,39,0,1366439,,,,0,0,0.0,0,-114362,60255,174617,70,False,,0,4,4,39,2019-20,,,,,,Andrew_Robertson
30,30,30,30.0,1,,,,0,31,1,,,33.3,,,181,,,304,,0,0,6.2,,23.4,,2020-06-24T19:15:00Z,,,,83,,,7,0,,0,0,,0,40,0,1358952,,,,0,4,5.0,9,-18206,15760,33966,70,True,,0,5,3,40,2019-20,,,,,,Andrew_Robertson
31,31,31,31.0,0,,,,0,11,0,,,7.6,,,181,,,317,,4,0,1.7,,9.6,,2020-07-02T19:15:00Z,,,,90,,,11,0,,0,0,,0,41,0,1341956,,,,0,4,0.0,0,-13918,9379,23297,70,False,,0,4,4,41,2019-20,,,,,,Andrew_Robertson
32,32,32,32.0,0,,,,0,21,1,,,11.3,,,181,,,324,,0,0,3.1,,13.6,,2020-07-05T15:30:00Z,,,,90,,,2,0,,0,0,,0,42,0,1334553,,,,0,2,6.0,5,-14791,17691,32482,70,True,,1,5,2,42,2019-20,,,,,,Andrew_Robertson
33,33,33,33.0,1,,,,1,30,0,,,59.8,,,181,,,334,,0,0,9.7,,32.8,,2020-07-08T19:15:00Z,,,,45,,,4,0,,0,0,,0,43,0,1332327,,,,3,1,4.0,5,-3188,16426,19614,70,False,,0,4,2,43,2019-20,,,,,,Andrew_Robertson
34,34,34,34.0,0,,,,1,24,0,,,11.2,,,181,,,344,,1,1,7.6,,42.2,,2020-07-11T14:00:00Z,,,,90,,,5,0,,0,0,,0,44,0,1340448,,,,1,1,23.0,9,2159,22000,19841,70,True,,0,5,3,44,2019-20,,,,,,Andrew_Robertson
35,35,35,35.0,1,,,,2,34,0,,,81.2,,,181,,,351,,2,0,16.3,,41.0,,2020-07-15T19:15:00Z,,,,90,,,1,0,,0,0,,0,45,0,1339490,,,,1,2,41.0,6,4657,23070,18413,70,False,,0,4,4,45,2019-20,,,,,,Andrew_Robertson
36,36,36,36.0,1,,,,1,33,0,,,37.9,,,181,,,364,,3,0,7.6,,35.8,,2020-07-22T19:15:00Z,,,,90,,,6,0,,0,0,,0,46,0,1359409,,,,3,5,2.0,5,15884,30123,14239,70,True,,0,5,4,46,2019-20,,,,,,Andrew_Robertson
37,37,37,37.0,1,,,,0,22,0,,,29.5,,,181,,,378,,1,0,6.2,,28.0,,2020-07-26T15:00:00Z,,,,90,,,13,0,,0,0,,0,47,0,1403234,,,,3,1,4.0,5,23057,46192,23135,70,False,,0,4,2,47,2019-20,,,,,,Andrew_Robertson
0,0,0,0.0,1,,,,0,20,0,,,19.6,,,255,,,3,,3,0,4.7,,23.4,,2020-09-12T16:30:00Z,,,,90,,,10,0,,0,0,,0,1,0,766431,,,,3,4,4.0,4,0,0,0,70,True,,0,3,3,1,2020-21,,,,,,Andrew_Robertson
1,1,1,1.0,0,,,,0,26,1,,,14.3,,,255,,,11,,0,0,5.1,,10.6,,2020-09-20T15:30:00Z,,,,90,,,5,0,,0,0,,0,2,0,807793,,,,2,0,26.0,6,-47931,52291,100222,70,False,,0,4,4,2,2020-21,,,,,,Andrew_Robertson
2,2,2,2.0,0,,,,2,29,0,,,31.5,,,255,,,23,,1,1,9.6,,41.0,,2020-09-28T19:00:00Z,,,,90,,,1,0,,0,0,,0,3,0,866682,,,,1,3,23.0,10,10264,111207,100943,70,True,,0,3,3,3,2020-21,,,,,,Andrew_Robertson
3,3,3,3.0,0,,,,0,13,0,,,27.2,,,255,,,30,,7,0,8.3,,24.4,,2020-10-04T18:15:00Z,,,,90,,,2,0,,0,0,,0,4,0,1025161,,,,2,7,31.0,-1,108222,153683,45461,70,False,,0,4,3,4,2020-21,,,,,,Andrew_Robertson
4,4,4,4.0,1,,,,2,33,0,,,43.4,,,255,,,41,,2,0,8.6,,35.0,,2020-10-17T11:30:00Z,,,,90,,,7,0,,0,0,,0,5,0,1122717,,,,2,2,8.0,6,70877,175983,105106,70,False,,0,4,3,5,2020-21,,,,,,Andrew_Robertson
5,5,5,5.0,0,,,,0,16,0,,,26.4,,,255,,,54,,1,0,6.7,,18.2,,2020-10-24T19:00:00Z,,,,90,,,15,0,,0,0,,0,6,0,1389355,,,,1,2,22.0,2,233298,277246,43948,71,True,,0,3,2,6,2020-21,,,,,,Andrew_Robertson
6,6,6,6.0,0,,,,0,11,0,,,10.2,,,255,,,63,,1,0,2.9,,8.6,,2020-10-31T17:30:00Z,,,,90,,,19,0,,0,0,,0,7,0,1430907,,,,1,2,10.0,2,40402,97685,57283,71,True,,0,3,4,7,2020-21,,,,,,Andrew_Robertson
7,7,7,7.0,0,,,,0,13,0,,,12.3,,,255,,,75,,1,0,2.5,,8.4,,2020-11-08T16:30:00Z,,,,90,,,12,0,,0,0,,0,8,0,1316396,,,,1,1,4.0,2,-111027,30057,141084,71,False,,0,4,5,8,2020-21,,,,,,Andrew_Robertson
8,8,8,8.0,1,,,,3,45,1,,,49.3,,,255,,,83,,0,0,8.6,,33.8,,2020-11-22T19:15:00Z,,,,90,,,9,0,,0,0,,0,9,0,1264038,,,,0,3,3.0,12,-59878,88812,148690,71,True,,0,3,4,9,2020-21,,,,,,Andrew_Robertson
9,9,9,9.0,0,,,,0,14,0,,,19.5,,,255,,,90,,1,0,3.9,,17.4,,2020-11-28T12:30:00Z,,,,90,,,3,0,,0,0,,0,10,0,1496252,,,,1,1,2.0,2,193664,218782,25118,71,False,,0,4,3,10,2020-21,,,,,,Andrew_Robertson
10,10,10,10.0,0,,,,0,24,1,,,31.3,,,255,,,103,,0,0,5.9,,19.8,,2020-12-06T19:15:00Z,,,,90,,,20,0,,0,0,,0,11,0,1377655,,,,0,4,8.0,6,-83918,55934,139852,72,True,,0,3,2,11,2020-21,,,,,,Andrew_Robertson
11,11,11,11.0,0,,,,0,17,0,,,29.0,,,255,,,112,,1,0,5.2,,15.2,,2020-12-13T16:30:00Z,,,,90,,,8,0,,0,0,,0,12,0,1436427,,,,1,1,8.0,2,19641,66761,47120,72,False,,0,4,2,12,2020-21,,,,,,Andrew_Robertson
12,12,12,12.0,1,,,,0,25,0,,,62.7,,,255,,,127,,1,0,10.5,,36.4,,2020-12-16T20:00:00Z,,,,90,,,17,0,,0,0,,0,13,0,1369429,,,,1,2,6.0,5,-59078,16477,75555,72,True,,0,3,3,13,2020-21,,,,,,Andrew_Robertson
13,13,13,13.0,1,,,,1,50,1,,,54.4,,,255,,,132,,0,0,9.6,,41.4,,2020-12-19T12:30:00Z,,,,90,,,6,0,,0,0,,0,14,0,1425120,,,,7,0,0.0,10,41753,66773,25020,72,False,,0,4,3,14,2020-21,,,,,,Andrew_Robertson
14,14,14,14.0,0,,,,0,11,0,,,32.4,,,255,,,144,,1,0,5.0,,11.6,,2020-12-27T16:30:00Z,,,,90,,,18,0,,0,0,,0,15,0,1712964,,,,1,1,6.0,2,261028,283955,22927,73,True,,0,3,2,15,2020-21,,,,,,Andrew_Robertson
15,15,15,15.0,0,,,,3,33,1,,,45.4,,,255,,,155,,0,0,6.7,,19.2,,2020-12-30T20:00:00Z,,,,90,,,14,0,,0,0,,0,16,0,1759949,,,,0,0,2.0,9,50422,87784,37362,73,False,,0,4,2,16,2020-21,,,,,,Andrew_Robertson
16,16,16,16.0,0,,,,0,16,0,,,66.2,,,255,,,166,,1,0,10.1,,20.4,,2021-01-04T20:00:00Z,,,,90,,,16,0,,0,0,,0,17,0,1807073,,,,0,1,14.0,1,39739,84844,45105,74,False,,1,4,2,17,2020-21,,,,,,Andrew_Robertson
17,17,17,17.0,0,,,,0,28,1,,,34.3,,,255,,,184,,0,0,5.2,,11.6,,2021-01-17T16:30:00Z,,,,90,,,13,0,,0,0,,0,19,0,1664698,,,,0,0,6.0,6,-17952,60295,78247,74,True,,0,3,4,19,2020-21,,,,,,Andrew_Robertson
18,18,18,18.0,0,,,,0,14,0,,,38.6,,,255,,,177,,1,0,8.8,,14.0,,2021-01-21T20:00:00Z,,,,90,,,4,0,,0,0,,0,19,0,1664698,,,,1,0,35.0,2,-17952,60295,78247,74,True,,0,3,2,19,2020-21,,,,,,Andrew_Robertson
19,19,19,19.0,0,,,,0,16,0,,,15.8,,,255,,,198,,1,0,2.6,,10.2,,2021-01-28T20:00:00Z,,,,90,,,17,0,,0,0,,0,20,0,1591449,,,,3,1,0.0,2,-68822,43894,112716,74,False,,0,4,4,20,2020-21,,,,,,Andrew_Robertson
20,20,20,20.0,0,,,,0,13,0,,,7.2,,,255,,,208,,1,0,2.8,,18.8,,2021-01-31T16:30:00Z,,,,90,,,19,0,,0,0,,0,21,0,1583443,,,,3,1,2.0,2,-13464,49338,62802,74,False,,0,4,4,21,2020-21,,,,,,Andrew_Robertson
21,21,21,21.0,0,,,,0,13,0,,,8.4,,,255,,,216,,1,0,3.1,,14.8,,2021-02-03T20:15:00Z,,,,90,,,3,0,,0,0,,0,22,0,1640207,,,,1,0,8.0,2,50230,82210,31980,74,True,,0,3,3,22,2020-21,,,,,,Andrew_Robertson
22,22,22,22.0,0,,,,0,12,0,,,8.7,,,255,,,223,,4,0,1.9,,6.0,,2021-02-07T16:30:00Z,,,,84,,,12,0,,0,0,,0,23,0,1544680,,,,4,1,4.0,0,-98129,25857,123986,74,True,,0,3,4,23,2020-21,,,,,,Andrew_Robertson
23,23,23,23.0,0,,,,0,14,0,,,19.2,,,255,,,234,,3,0,6.3,,20.2,,2021-02-13T12:30:00Z,,,,90,,,9,0,,0,0,,0,24,0,1397371,,,,1,3,24.0,1,-144248,17300,161548,73,False,,0,4,4,24,2020-21,,,,,,Andrew_Robertson
24,24,24,24.0,0,,,,0,14,0,,,30.3,,,255,,,244,,2,0,4.9,,16.2,,2021-02-20T17:30:00Z,,,,90,,,7,0,,0,0,,0,25,0,1329290,,,,2,0,2.0,1,-80075,16641,96716,73,True,,0,3,4,25,2020-21,,,,,,Andrew_Robertson
25,25,25,25.0,0,,,,1,29,1,,,28.8,,,255,,,256,,0,0,6.8,,14.4,,2021-02-28T19:15:00Z,,,,90,,,15,0,,0,0,,0,26,0,1233193,,,,2,0,25.0,7,-96301,16811,113112,72,False,,0,4,2,26,2020-21,,,,,,Andrew_Robertson
26,26,26,26.0,0,,,,0,16,0,,,20.9,,,255,,,283,,1,0,4.3,,20.8,,2021-03-04T20:15:00Z,,,,90,,,5,0,,0,0,,0,26,0,1233193,,,,1,0,1.0,2,-96301,16811,113112,72,True,,0,3,4,26,2020-21,,,,,,Andrew_Robertson
27,27,27,27.0,0,,,,0,16,0,,,19.5,,,255,,,263,,1,0,3.8,,12.4,,2021-03-07T14:00:00Z,,,,90,,,8,0,,0,0,,0,27,0,1219645,,,,1,0,6.0,2,-21590,16717,38307,72,True,,0,3,2,27,2020-21,,,,,,Andrew_Robertson
28,28,28,28.0,0,,,,0,25,1,,,3.6,,,255,,,278,,0,0,1.1,,7.8,,2021-03-15T20:00:00Z,,,,90,,,20,0,,0,0,,0,28,0,1147031,,,,1,0,0.0,6,-73188,4544,77732,72,False,,0,4,3,28,2020-21,,,,,,Andrew_Robertson
29,29,29,29.0,0,,,,1,33,1,,,21.8,,,255,,,289,,0,0,4.0,,16.0,,2021-04-03T19:00:00Z,,,,60,,,1,0,,0,0,,0,30,0,1081796,,,,3,0,2.0,7,-15898,9644,25542,71,False,,0,4,4,30,2020-21,,,,,,Andrew_Robertson
30,30,30,30.0,1,,,,0,21,0,,,40.3,,,255,,,303,,1,0,7.5,,16.0,,2021-04-10T14:00:00Z,,,,90,,,2,0,,0,0,,0,31,0,1100578,,,,1,2,19.0,4,17035,33375,16340,71,True,,1,3,2,31,2020-21,,,,,,Andrew_Robertson
31,31,31,31.0,0,,,,0,13,0,,,30.1,,,255,,,313,,1,0,5.5,,19.0,,2021-04-19T19:00:00Z,,,,90,,,10,0,,0,0,,0,32,0,1104100,,,,1,1,6.0,2,2187,21971,19784,71,False,,0,4,3,32,2020-21,,,,,,Andrew_Robertson
32,32,32,32.0,0,,,,1,23,0,,,51.0,,,255,,,324,,1,0,9.2,,37.8,,2021-04-24T11:30:00Z,,,,90,,,14,0,,0,0,,0,33,0,1170763,,,,1,1,3.0,3,58918,71975,13057,71,True,,0,3,2,33,2020-21,,,,,,Andrew_Robertson
33,33,33,33.0,0,,,,0,24,1,,,17.8,,,255,,,344,,0,0,3.1,,12.8,,2021-05-08T19:15:00Z,,,,90,,,16,0,,0,0,,0,35,0,1179862,,,,0,2,0.0,6,24406,46000,21594,71,True,,0,3,2,35,2020-21,,,,,,Andrew_Robertson
34,34,34,34.0,0,,,,0,13,0,,,13.3,,,255,,,334,,2,0,2.8,,11.0,,2021-05-13T19:15:00Z,,,,90,,,13,0,,0,0,,0,35,0,1179862,,,,4,2,4.0,1,24406,46000,21594,71,False,,0,4,4,35,2020-21,,,,,,Andrew_Robertson
35,35,35,35.0,0,,,,0,14,0,,,34.2,,,255,,,353,,1,0,5.3,,13.2,,2021-05-16T15:30:00Z,,,,90,,,18,0,,0,0,,0,36,0,1217095,,,,2,1,6.0,2,39463,53587,14124,71,False,,0,4,2,36,2020-21,,,,,,Andrew_Robertson
36,36,36,36.0,2,,,,3,56,1,,,52.1,,,255,,,360,,0,0,13.5,,58.8,,2021-05-19T19:15:00Z,,,,90,,,4,0,,0,0,,0,37,0,1220534,,,,3,0,24.0,15,5758,23078,17320,72,False,,0,4,2,37,2020-21,,,,,,Andrew_Robertson
37,37,37,37.0,0,,,,2,31,1,,,58.3,,,255,,,374,,0,0,8.1,,17.8,,2021-05-23T15:00:00Z,,,,90,,,6,0,,0,0,,0,38,0,1365520,,,,0,2,5.0,8,137378,147961,10583,73,True,,0,3,2,38,2020-21,,,,,,Andrew_Robertson
0,0,0,0.0,0,,,,0,0,0,,,0.0,,,234,,,7,,0,0,0.0,,0.0,,2021-08-14T16:30:00Z,,,,0,,,15,0,,0,0,,0,1,0,106719,,,,3,0,0.0,0,0,0,0,70,False,,0,4,2,1,2021-22,,,,,,Andrew_Robertson
1,1,1,1.0,0,,,,0,0,0,,,0.0,,,234,,,15,,0,0,0.0,,0.0,,2021-08-21T11:30:00Z,,,,0,,,5,0,,0,0,,0,2,0,70276,,,,0,2,0.0,0,-36466,729,37195,70,True,,0,5,2,2,2021-22,,,,,,Andrew_Robertson
2,2,2,2.0,0,,,,0,12,0,,,56.7,,,234,,,23,,1,0,8.8,,17.8,,2021-08-28T16:30:00Z,,,,85,,,6,0,,0,0,,0,3,0,83990,,,,1,1,13.0,2,4152,15815,11663,70,True,,0,5,4,3,2021-22,,,,,,Andrew_Robertson
3,3,3,3.0,0,,,,1,30,1,,,46.8,,,234,,,36,,0,0,7.0,,16.8,,2021-09-12T15:30:00Z,,,,90,,,10,0,,0,0,,0,4,0,112283,,,,3,0,6.0,7,16840,44854,28014,70,False,,0,4,2,4,2021-22,,,,,,Andrew_Robertson
4,4,4,4.0,0,,,,0,0,0,,,0.0,,,234,,,44,,0,0,0.0,,0.0,,2021-09-18T14:00:00Z,,,,0,,,7,0,,0,0,,0,5,0,128137,,,,0,3,0.0,0,10016,22739,12723,70,True,,0,5,2,5,2021-22,,,,,,Andrew_Robertson
5,5,5,5.0,1,,,,0,19,0,,,25.0,,,234,,,52,,3,0,6.1,,27.0,,2021-09-25T16:30:00Z,,,,90,,,3,0,,0,0,,0,6,0,137296,,,,3,3,9.0,3,4063,19838,15775,70,False,,1,4,2,6,2021-22,,,,,,Andrew_Robertson
6,6,6,6.0,0,,,,0,16,0,,,1.4,,,234,,,66,,2,0,2.2,,21.0,,2021-10-03T15:30:00Z,,,,90,,,12,0,,0,0,,0,7,0,160663,,,,2,2,0.0,1,20285,34776,14491,70,True,,0,5,5,7,2021-22,,,,,,Andrew_Robertson
7,7,7,7.0,0,,,,0,24,1,,,17.5,,,234,,,80,,0,0,3.4,,12.2,,2021-10-16T11:30:00Z,,,,63,,,18,0,,0,0,,0,8,0,181078,,,,5,0,4.0,6,15383,29222,13839,70,False,,0,4,2,8,2021-22,,,,,,Andrew_Robertson
8,8,8,8.0,0,,,,0,27,1,,,9.0,,,234,,,88,,0,0,3.3,,19.8,,2021-10-24T15:30:00Z,,,,90,,,13,0,,0,0,,0,9,0,176006,,,,5,0,4.0,6,-5217,7381,12598,70,False,,0,4,4,9,2021-22,,,,,,Andrew_Robertson
9,9,9,9.0,0,,,,0,12,0,,,12.6,,,234,,,94,,2,0,3.0,,11.8,,2021-10-30T14:00:00Z,,,,90,,,4,0,,0,0,,0,10,0,193788,,,,2,2,6.0,0,12095,23724,11629,70,True,,1,5,2,10,2021-22,,,,,,Andrew_Robertson
10,10,10,10.0,0,,,,0,17,0,,,21.9,,,234,,,110,,3,0,4.9,,8.8,,2021-11-07T16:30:00Z,,,,90,,,19,0,,0,0,,0,11,0,184242,,,,2,3,18.0,1,-9984,6708,16692,70,False,,0,4,3,11,2021-22,,,,,,Andrew_Robertson
11,11,11,11.0,0,,,,0,0,0,,,0.0,,,234,,,114,,0,0,0.0,,0.0,,2021-11-20T17:30:00Z,,,,0,,,1,0,,0,0,,0,12,0,156343,,,,0,4,0.0,0,-28888,3380,32268,70,True,,0,5,4,12,2021-22,,,,,,Andrew_Robertson
12,12,12,12.0,1,,,,3,45,1,,,53.0,,,234,,,128,,0,0,9.4,,37.0,,2021-11-27T15:00:00Z,,,,90,,,16,0,,0,0,,0,13,0,144176,,,,0,4,4.0,12,-13575,6178,19753,70,True,,0,5,2,13,2021-22,,,,,,Andrew_Robertson
13,13,13,13.0,2,,,,0,35,0,,,36.7,,,234,,,132,,1,0,9.2,,51.6,,2021-12-01T20:15:00Z,,,,90,,,8,0,,0,0,,0,14,0,159141,,,,4,1,4.0,7,12930,16473,3543,70,False,,1,4,2,14,2021-22,,,,,,Andrew_Robertson
14,14,14,14.0,0,,,,0,21,1,,,21.0,,,234,,,150,,0,0,4.3,,10.4,,2021-12-04T15:00:00Z,,,,90,,,20,0,,0,0,,0,15,0,205845,,,,1,0,12.0,5,43214,47889,4675,70,False,,1,4,3,15,2021-22,,,,,,Andrew_Robertson
15,15,15,15.0,0,,,,2,28,1,,,61.8,,,234,,,158,,0,0,12.1,,26.4,,2021-12-11T15:00:00Z,,,,90,,,2,0,,0,0,,0,16,0,234298,,,,0,1,33.0,8,22630,33712,11082,70,True,,0,5,2,16,2021-22,,,,,,Andrew_Robertson
16,16,16,16.0,0,,,,0,10,0,,,20.0,,,234,,,169,,1,0,3.9,,5.0,,2021-12-16T20:00:00Z,,,,90,,,14,0,,0,0,,0,17,0,316063,,,,1,3,14.0,2,76276,82013,5737,71,True,,0,5,2,17,2021-22,,,,,,Andrew_Robertson
17,17,17,17.0,1,,,,2,26,0,,,34.6,,,234,,,177,,2,1,13.3,,57.0,,2021-12-19T16:30:00Z,,,,76,,,17,0,,0,0,,1,18,0,324197,,,,2,2,41.0,9,7962,25473,17511,71,False,,0,4,4,18,2021-22,,,,,,Andrew_Robertson
18,18,18,18.0,0,,,,0,0,0,,,0.0,,,234,,,197,,0,0,0.0,,0.0,,2021-12-28T20:00:00Z,,,,0,,,9,0,,0,0,,0,20,0,181547,,,,0,1,0.0,0,-37769,636,38405,70,False,,0,4,3,20,2021-22,,,,,,Andrew_Robertson
19,19,19,19.0,0,,,,0,0,0,,,0.0,,,234,,,203,,0,0,0.0,,0.0,,2022-01-02T16:30:00Z,,,,0,,,6,0,,0,0,,0,21,0,165741,,,,2,2,0.0,0,-20625,3796,24421,70,False,,0,4,4,21,2021-22,,,,,,Andrew_Robertson
20,20,20,20.0,1,,,,3,45,1,,,42.4,,,234,,,214,,0,0,10.1,,34.4,,2022-01-16T14:00:00Z,,,,90,,,3,0,,0,0,,0,22,0,274254,,,,0,3,24.0,12,70357,91959,21602,70,True,,0,5,2,22,2021-22,,,,,,Andrew_Robertson
21,21,21,21.0,2,,,,3,35,0,,,48.1,,,234,,,224,,1,0,11.0,,47.0,,2022-01-23T14:00:00Z,,,,90,,,7,0,,0,0,,0,23,0,343072,,,,3,1,15.0,11,91190,100716,9526,70,False,,0,4,2,23,2021-22,,,,,,Andrew_Robertson
22,22,22,22.0,0,,,,0,28,1,,,37.4,,,234,,,237,,0,0,5.6,,14.8,,2022-02-10T19:45:00Z,,,,90,,,9,0,,0,0,,0,24,0,492691,,,,0,2,4.0,6,145164,165466,20302,71,True,,0,5,2,24,2021-22,,,,,,Andrew_Robertson
23,23,23,23.0,0,,,,1,30,1,,,30.8,,,234,,,242,,0,0,5.9,,13.8,,2022-02-13T14:00:00Z,,,,90,,,5,0,,0,0,,0,25,0,535366,,,,1,0,14.0,7,45144,70559,25415,71,False,,0,4,2,25,2021-22,,,,,,Andrew_Robertson
24,24,24,24.0,0,,,,0,0,0,,,0.0,,,234,,,256,,0,0,0.0,,0.0,,2022-02-19T15:00:00Z,,,,0,,,15,0,,0,0,,0,26,0,764967,,,,1,3,0.0,0,159774,192704,32930,72,True,,0,5,2,26,2021-22,,,,,,Andrew_Robertson
25,25,25,25.0,2,,,,1,48,1,,,53.0,,,234,,,184,,0,0,10.7,,33.2,,2022-02-23T19:45:00Z,,,,90,,,10,0,,0,0,,0,26,0,764967,,,,0,6,21.0,13,159774,192704,32930,72,True,,0,5,2,26,2021-22,,,,,,Andrew_Robertson
26,26,26,26.0,0,,,,0,28,1,,,41.3,,,234,,,274,,0,0,7.6,,26.2,,2022-03-05T17:30:00Z,,,,90,,,19,0,,0,0,,0,28,0,613500,,,,0,1,8.0,6,-3891,60583,64474,72,True,,0,5,3,28,2021-22,,,,,,Andrew_Robertson
27,27,27,27.0,0,,,,0,21,1,,,13.4,,,234,,,283,,0,0,3.1,,9.4,,2022-03-12T12:30:00Z,,,,90,,,4,0,,0,0,,0,29,0,796231,,,,2,0,8.0,6,145774,168599,22825,72,False,,0,4,2,29,2021-22,,,,,,Andrew_Robertson
28,28,28,28.0,1,,,,3,41,1,,,30.5,,,234,,,261,,0,0,8.2,,41.6,,2022-03-16T20:15:00Z,,,,90,,,1,0,,0,0,,0,29,0,796231,,,,2,0,10.0,12,145774,168599,22825,72,False,,0,4,4,29,2021-22,,,,,,Andrew_Robertson
29,29,29,29.0,0,,,,0,26,1,,,25.1,,,234,,,306,,0,0,4.0,,11.6,,2022-04-02T11:30:00Z,,,,90,,,18,0,,0,0,,0,31,0,1035315,,,,0,2,3.0,6,261586,274299,12713,73,True,,0,5,2,31,2021-22,,,,,,Andrew_Robertson
30,30,30,30.0,0,,,,0,6,0,,,9.6,,,234,,,316,,2,0,2.4,,10.4,,2022-04-10T15:30:00Z,,,,90,,,12,0,,0,0,,0,32,0,1002287,,,,2,2,4.0,0,-25486,22884,48370,73,False,,1,4,5,32,2021-22,,,,,,Andrew_Robertson
31,31,31,31.0,0,,,,0,28,1,,,44.1,,,234,,,294,,0,0,6.4,,17.6,,2022-04-19T19:00:00Z,,,,90,,,13,0,,0,0,,0,33,0,939469,,,,0,4,2.0,6,-36416,21301,57717,73,True,,0,5,3,33,2021-22,,,,,,Andrew_Robertson
32,32,32,32.0,0,,,,3,42,1,,,26.1,,,234,,,338,,0,1,9.8,,44.8,,2022-04-24T15:30:00Z,,,,90,,,8,0,,0,0,,0,34,0,973680,,,,0,2,27.0,15,3508,51376,47868,73,True,,0,5,2,34,2021-22,,,,,,Andrew_Robertson
33,33,33,33.0,0,,,,0,26,1,,,16.0,,,234,,,345,,0,0,5.1,,16.0,,2022-04-30T11:30:00Z,,,,90,,,14,0,,0,0,,0,35,0,1056068,,,,1,0,19.0,6,76617,92345,15728,73,False,,0,4,3,35,2021-22,,,,,,Andrew_Robertson
34,34,34,34.0,0,,,,0,19,0,,,46.9,,,234,,,358,,1,0,6.6,,16.8,,2022-05-07T18:45:00Z,,,,63,,,17,0,,0,0,,0,36,0,1071129,,,,1,1,2.0,2,15271,52105,36834,73,True,,0,5,3,36,2021-22,,,,,,Andrew_Robertson
35,35,35,35.0,0,,,,0,0,0,,,0.0,,,234,,,321,,0,0,0.0,,0.0,,2022-05-10T19:00:00Z,,,,0,,,2,0,,0,0,,0,36,0,1071129,,,,2,1,0.0,0,15271,52105,36834,73,False,,0,4,2,36,2021-22,,,,,,Andrew_Robertson
36,36,36,36.0,0,,,,0,0,0,,,0.0,,,234,,,366,,0,0,0.0,,0.0,,2022-05-17T18:45:00Z,,,,0,,,16,0,,0,0,,0,37,0,985658,,,,2,1,0.0,0,-32585,27859,60444,73,False,,0,4,3,37,2021-22,,,,,,Andrew_Robertson
37,37,37,37.0,0,,,,1,25,0,,,0.0,,,234,,,378,,1,1,0.0,,0.0,,2022-05-22T15:00:00Z,,,,90,,,20,0,,0,0,,0,38,0,1063475,,,,1,3,0.0,9,21021,62325,41304,73,True,,0,5,3,38,2021-22,,,,,,Andrew_Robertson
0,0,0,0.0,0,,,,0,4,0,,,7.8,,,284,,,4,,2,0,2.9,,13.2,,2022-08-06T11:30:00Z,,,,90,,,9,0,,0,0,,0,1,0,1027195,,,,2,2,8.0,1,0,0,0,70,False,,0,4,2,1,2022-23,0.07,0.07,0.0,1.25,1.0,Andrew_Robertson
1,1,1,1.0,0,,,,0,11,0,,,7.8,,,284,,,16,,1,0,3.7,,7.0,,2022-08-15T19:00:00Z,,,,62,,,7,0,,0,0,,0,2,0,1040307,,,,1,1,22.0,2,-52378,37842,90220,70,True,,0,4,2,2,2022-23,0.03,0.13,0.1,0.48,1.0,Andrew_Robertson
2,2,2,2.0,0,,,,0,12,0,,,32.3,,,284,,,27,,2,0,5.1,,9.0,,2022-08-22T19:00:00Z,,,,84,,,14,0,,0,0,,0,3,0,879995,,,,1,2,10.0,1,-182486,37647,220133,69,False,,0,4,4,3,2022-23,0.14,0.14,0.0,1.78,1.0,Andrew_Robertson
3,3,3,3.0,1,,,,0,31,1,,,19.2,,,284,,,36,,0,0,4.4,,19.0,,2022-08-27T14:00:00Z,,,,68,,,3,0,,0,0,,0,4,0,798237,,,,0,9,6.0,9,-105823,38749,144572,69,True,,0,4,2,4,2022-23,0.04,0.13,0.09,0.33,1.0,Andrew_Robertson
4,4,4,4.0,0,,,,0,18,0,,,41.8,,,284,,,48,,1,0,7.6,,13.8,,2022-08-31T19:00:00Z,,,,70,,,15,0,,0,0,,0,5,0,773269,,,,1,2,20.0,2,-42785,40067,82852,69,True,,0,4,3,5,2022-23,0.08,0.12,0.04,0.66,1.0,Andrew_Robertson
5,5,5,5.0,0,,,,0,6,0,,,47.8,,,284,,,55,,0,0,5.9,,11.6,,2022-09-03T11:30:00Z,,,,31,,,8,0,,0,0,,0,6,0,713818,,,,0,0,0.0,1,-75513,39687,115200,68,False,,0,4,2,6,2022-23,0.56,0.56,0.0,0.75,0.0,Andrew_Robertson
6,6,6,6.0,0,,,,0,0,0,,,0.0,,,284,,,87,,0,0,0.0,,0.0,,2022-10-01T14:00:00Z,,,,0,,,5,0,,0,0,,0,9,0,335917,,,,3,3,0.0,0,-118801,907,119708,67,True,,0,4,3,9,2022-23,0.0,0.0,0.0,0.0,0.0,Andrew_Robertson
7,7,7,7.0,0,,,,0,0,0,,,0.0,,,284,,,91,,0,0,0.0,,0.0,,2022-10-09T15:30:00Z,,,,0,,,1,0,,0,0,,0,10,0,281307,,,,2,3,0.0,0,-55951,439,56390,67,False,,0,4,4,10,2022-23,0.0,0.0,0.0,0.0,0.0,Andrew_Robertson
8,8,8,8.0,0,,,,0,25,1,,,5.4,,,284,,,106,,0,0,3.3,,17.2,,2022-10-16T15:30:00Z,,,,90,,,13,0,,0,0,,0,11,0,281812,,,,0,1,10.0,6,-2545,14128,16673,67,True,,0,4,5,11,2022-23,0.01,0.1,0.09,0.98,1.0,Andrew_Robertson
9,9,9,9.0,0,,,,0,3,0,,,0.5,,,284,,,118,,0,0,0.3,,2.6,,2022-10-19T18:30:00Z,,,,9,,,19,0,,0,0,,0,12,0,566164,,,,0,1,0.0,1,123619,131692,8073,67,True,,0,4,2,12,2022-23,0.0,0.0,0.0,0.59,0.0,Andrew_Robertson
10,10,10,10.0,0,,,,0,17,0,,,50.3,,,284,,,126,,1,0,6.7,,12.4,,2022-10-22T11:30:00Z,,,,90,,,16,0,,0,0,,0,13,0,425004,,,,0,1,4.0,2,16823,45939,29116,67,False,,0,4,2,13,2022-23,0.43,0.43,0.0,1.85,1.0,Andrew_Robertson
11,11,11,11.0,1,,,,3,35,0,,,65.9,,,284,,,138,,2,0,13.5,,44.0,,2022-10-29T18:45:00Z,,,,90,,,11,0,,0,0,,0,14,0,420739,,,,2,1,25.0,7,-7693,16175,23868,67,True,,0,4,2,14,2022-23,0.54,0.6,0.06,1.77,1.0,Andrew_Robertson
12,12,12,12.0,0,,,,0,18,0,,,33.1,,,284,,,148,,1,0,5.5,,21.8,,2022-11-06T16:30:00Z,,,,90,,,18,0,,0,0,,0,15,0,421034,,,,2,1,0.0,2,-3784,17088,20872,67,False,,0,4,4,15,2022-23,0.13,0.13,0.0,1.21,1.0,Andrew_Robertson
13,13,13,13.0,2,,,,1,34,0,,,83.3,,,284,,,154,,1,0,13.6,,48.6,,2022-11-12T15:00:00Z,,,,85,,,17,0,,0,0,,0,16,0,464325,,,,1,3,4.0,9,38253,52148,13895,67,True,,0,4,2,16,2022-23,0.5,0.5,0.0,1.05,1.0,Andrew_Robertson
14,14,14,14.0,1,,,,3,35,0,,,33.8,,,284,,,162,,1,0,7.2,,34.4,,2022-12-26T17:30:00Z,,,,90,,,2,0,,0,0,,0,17,0,592785,,,,3,1,4.0,8,118203,309244,191041,68,False,,0,4,2,17,2022-23,0.72,0.72,0.0,1.3,1.0,Andrew_Robertson
15,15,15,15.0,0,,,,0,15,0,,,31.4,,,284,,,174,,1,0,3.9,,8.0,,2022-12-30T20:00:00Z,,,,61,,,10,0,,0,0,,0,18,0,729559,,,,1,2,0.0,2,130166,139543,9377,68,True,,0,4,3,18,2022-23,0.15,0.15,0.0,0.96,1.0,Andrew_Robertson
16,16,16,16.0,0,,,,0,8,0,,,4.8,,,284,,,183,,1,0,2.1,,9.8,,2023-01-02T17:30:00Z,,,,45,,,4,0,,0,0,,0,19,0,613996,,,,1,3,6.0,1,-111611,11639,123250,69,False,,0,4,3,19,2022-23,0.01,0.01,0.0,0.53,0.0,Andrew_Robertson
17,17,17,17.0,0,,,,0,21,0,,,14.8,,,284,,,193,,3,0,3.6,,21.2,,2023-01-14T15:00:00Z,,,,90,,,5,0,,0,0,,0,20,0,591448,,,,0,3,0.0,1,-27002,36494,63496,69,False,,0,4,3,20,2022-23,0.01,0.01,0.0,2.24,1.0,Andrew_Robertson
18,18,18,18.0,0,,,,0,22,1,,,5.8,,,284,,,207,,0,0,2.0,,8.4,,2023-01-21T12:30:00Z,,,,90,,,6,0,,0,0,,0,21,0,577705,,,,0,0,6.0,6,-19706,26302,46008,68,True,,0,4,3,21,2022-23,0.06,0.06,0.0,1.59,1.0,Andrew_Robertson
19,19,19,19.0,0,,,,0,13,0,,,17.0,,,284,,,220,,3,0,4.9,,8.4,,2023-02-04T15:00:00Z,,,,85,,,20,0,,0,0,,0,22,0,606736,,,,0,3,24.0,1,22220,62983,40763,68,False,,0,4,2,22,2022-23,0.09,0.63,0.54,1.54,1.0,Andrew_Robertson
20,20,20,20.0,0,,,,0,23,1,,,16.8,,,284,,,227,,0,0,2.4,,7.0,,2023-02-13T20:00:00Z,,,,90,,,8,0,,0,0,,0,23,0,579866,,,,0,2,0.0,5,-27804,20382,48186,68,True,,1,4,2,23,2022-23,0.09,0.09,0.0,0.28,1.0,Andrew_Robertson
21,21,21,21.0,0,,,,2,34,1,,,40.3,,,284,,,237,,0,0,6.6,,23.6,,2023-02-18T17:30:00Z,,,,90,,,15,0,,0,0,,0,24,0,600114,,,,2,0,2.0,8,17248,37660,20412,68,False,,0,4,4,24,2022-23,0.39,0.39,0.0,2.05,1.0,Andrew_Robertson
22,22,22,22.0,0,,,,0,25,1,,,3.9,,,284,,,242,,0,0,1.3,,7.0,,2023-02-25T19:45:00Z,,,,90,,,7,0,,0,0,,0,25,0,969269,,,,0,0,2.0,5,252586,277119,24533,68,False,,1,4,2,25,2022-23,0.02,0.02,0.0,0.6,1.0,Andrew_Robertson
23,23,23,23.0,0,,,,0,0,0,,,0.0,,,284,,,67,,0,0,0.0,,0.0,,2023-03-01T20:00:00Z,,,,0,,,20,0,,0,0,,0,25,0,969269,,,,0,2,0.0,0,252586,277119,24533,68,True,,0,4,2,25,2022-23,0.0,0.0,0.0,0.0,0.0,Andrew_Robertson
24,24,24,24.0,1,,,,0,40,1,,,44.8,,,284,,,256,,0,0,8.9,,33.2,,2023-03-05T16:30:00Z,,,,90,,,14,0,,0,0,,0,26,0,765053,,,,0,7,11.0,9,-88995,9018,98013,68,True,,0,4,3,26,2022-23,0.44,0.6,0.16,0.88,1.0,Andrew_Robertson
25,25,25,25.0,0,,,,0,19,0,,,26.4,,,284,,,261,,1,0,6.0,,12.6,,2023-03-11T12:30:00Z,,,,90,,,3,0,,0,0,,0,27,0,777493,,,,0,1,21.0,2,8262,45075,36813,68,False,,0,4,2,27,2022-23,0.45,0.49,0.04,0.86,1.0,Andrew_Robertson
26,26,26,26.0,0,,,,0,10,0,,,0.6,,,284,,,287,,3,0,1.4,,9.8,,2023-04-01T11:30:00Z,,,,69,,,13,0,,0,0,,0,29,0,688989,,,,1,4,4.0,1,11516,34439,22923,68,False,,0,4,5,29,2022-23,0.0,0.0,0.0,2.28,1.0,Andrew_Robertson
27,27,27,27.0,0,,,,0,3,0,,,0.7,,,284,,,74,,0,0,0.6,,5.4,,2023-04-04T19:00:00Z,,,,24,,,6,0,,0,0,,0,29,0,688989,,,,0,0,0.0,1,11516,34439,22923,68,False,,0,4,4,29,2022-23,0.0,0.0,0.0,0.1,0.0,Andrew_Robertson
28,28,28,28.0,0,,,,0,6,0,,,16.3,,,284,,,296,,2,0,2.8,,6.0,,2023-04-09T15:30:00Z,,,,90,,,1,0,,0,0,,0,30,0,659880,,,,2,2,6.0,0,-27841,8696,36537,68,True,,1,4,4,30,2022-23,0.58,0.7,0.12,1.41,1.0,Andrew_Robertson
29,29,29,29.0,0,,,,0,16,0,,,11.6,,,284,,,304,,1,0,3.4,,22.0,,2023-04-17T19:00:00Z,,,,90,,,11,0,,0,0,,0,31,0,667254,,,,6,1,0.0,2,5820,26268,20448,68,False,,0,4,2,31,2022-23,0.03,0.03,0.0,1.34,1.0,Andrew_Robertson
30,30,30,30.0,1,,,,0,31,0,,,73.3,,,284,,,318,,2,0,11.7,,37.2,,2023-04-22T14:00:00Z,,,,90,,,16,0,,0,0,,0,32,0,769149,,,,2,3,6.0,4,47654,65380,17726,68,True,,0,4,2,32,2022-23,0.4,0.4,0.0,0.82,1.0,Andrew_Robertson
31,31,31,31.0,1,,,,1,27,0,,,48.0,,,284,,,326,,1,0,8.3,,33.0,,2023-04-26T18:45:00Z,,,,90,,,19,0,,0,0,,0,33,0,723954,,,,2,1,2.0,6,7375,34191,26816,68,False,,0,4,3,33,2022-23,0.31,0.31,0.0,0.78,1.0,Andrew_Robertson
32,32,32,32.0,0,,,,0,12,0,,,33.7,,,284,,,338,,3,0,5.1,,17.2,,2023-04-30T15:30:00Z,,,,90,,,18,0,,0,0,,0,34,0,821545,,,,3,4,0.0,1,67529,86618,19089,68,True,,0,4,3,34,2022-23,0.25,0.25,0.0,1.99,1.0,Andrew_Robertson
33,33,33,33.0,0,,,,0,2,0,,,0.8,,,284,,,276,,0,0,0.4,,1.0,,2023-05-03T19:00:00Z,,,,24,,,9,0,,0,0,,0,34,0,821545,,,,0,1,2.0,1,67529,86618,19089,68,True,,0,4,2,34,2022-23,0.0,0.0,0.0,0.25,0.0,Andrew_Robertson
34,34,34,34.0,0,,,,0,20,1,,,7.2,,,284,,,344,,0,0,1.2,,4.8,,2023-05-06T16:30:00Z,,,,81,,,4,0,,0,0,,0,35,0,763389,,,,0,1,0.0,6,-30304,12690,42994,68,True,,0,4,3,35,2022-23,0.06,0.06,0.0,0.19,1.0,Andrew_Robertson
35,35,35,35.0,0,,,,0,25,1,,,18.8,,,284,,,358,,0,0,3.3,,10.4,,2023-05-15T19:00:00Z,,,,90,,,10,0,,0,0,,0,36,0,750220,,,,3,0,4.0,6,-14108,12852,26960,68,False,,0,4,3,36,2022-23,0.03,0.03,0.0,0.54,1.0,Andrew_Robertson
36,36,36,36.0,0,,,,0,12,0,,,16.1,,,284,,,364,,1,0,2.7,,8.6,,2023-05-20T14:00:00Z,,,,71,,,2,0,,0,0,,0,37,0,734776,,,,1,1,2.0,2,-12370,18711,31081,68,True,,0,4,2,37,2022-23,0.07,0.07,0.0,1.36,1.0,Andrew_Robertson
37,37,37,37.0,0,,,,0,0,0,,,0.0,,,284,,,380,,0,0,0.0,,0.0,,2023-05-28T15:30:00Z,,,,0,,,17,0,,0,0,,0,38,0,679278,,,,4,4,0.0,0,-55685,11188,66873,68,False,,0,4,2,38,2022-23,0.0,0.0,0.0,0.0,0.0,Andrew_Robertson
0,0,0,,0,,,,0,16,0,,,12.6,,,307,,,9,,1,0,4.1,,26.4,,2023-08-13T15:30:00Z,,,,90,,,7,0,,0,0,,0,1,0,293741,,,,1,1,2.0,2,0,0,0,65,False,,0,4,3,1,2023-24,0.01,0.01,0.0,1.28,1.0,Andrew_Robertson
1,1,1,,0,,,,0,19,0,,,50.2,,,307,,,14,,1,0,7.0,,19.8,,2023-08-19T14:00:00Z,,,,90,,,3,0,,0,0,,0,2,0,392028,,,,1,3,0.0,2,25781,48897,23116,65,True,,0,5,2,2,2023-24,0.21,0.21,0.0,1.29,1.0,Andrew_Robertson
2,2,2,,0,,,,0,13,0,,,19.2,,,307,,,29,,1,0,3.2,,12.6,,2023-08-27T15:30:00Z,,,,90,,,15,0,,0,0,,0,3,0,395601,,,,2,1,0.0,2,-17337,30615,47952,65,False,,0,4,4,3,2023-24,0.06,0.06,0.0,2.0,1.0,Andrew_Robertson
3,3,3,,0,,,,0,26,1,,,19.8,,,307,,,37,,0,0,4.4,,22.2,,2023-09-03T13:00:00Z,,,,90,,,2,0,,0,0,,0,4,0,416484,,,,0,3,2.0,6,1223,30508,29285,65,True,,0,5,3,4,2023-24,0.09,0.09,0.0,0.66,1.0,Andrew_Robertson
4,4,4,,0,,,,3,36,0,,,35.7,,,307,,,50,,1,1,11.1,,54.6,,2023-09-16T11:30:00Z,,,,90,,,20,0,,0,0,,0,5,0,504069,,,,3,1,21.0,11,54070,79540,25470,65,False,,0,4,2,5,2023-24,0.11,0.53,0.42,0.63,1.0,Andrew_Robertson
5,5,5,,0,,,,0,21,0,,,66.7,,,307,,,57,,1,0,8.8,,21.6,,2023-09-24T13:00:00Z,,,,90,,,19,0,,0,0,,0,6,0,671040,,,,1,3,0.0,2,140724,161365,20641,66,True,,0,5,2,6,2023-24,0.28,0.28,0.0,1.11,1.0,Andrew_Robertson
6,6,6,,0,,,,0,13,0,,,53.3,,,307,,,68,,2,0,9.2,,19.2,,2023-09-30T16:30:00Z,,,,90,,,18,0,,0,0,,0,7,0,680192,,,,1,2,19.0,0,4332,51171,46839,66,False,,1,4,3,7,2023-24,0.18,0.23,0.05,2.1,1.0,Andrew_Robertson
7,7,7,,0,,,,0,23,0,,,26.8,,,307,,,72,,2,0,4.9,,19.8,,2023-10-08T13:00:00Z,,,,90,,,5,0,,0,0,,0,8,0,680677,,,,2,2,2.0,1,-7100,47357,54457,66,False,,0,4,3,8,2023-24,0.05,0.05,0.0,2.3,1.0,Andrew_Robertson
8,8,8,,0,,,,0,0,0,,,0.0,,,307,,,85,,0,0,0.0,,0.0,,2023-10-21T11:30:00Z,,,,0,,,9,0,,0,0,,0,9,0,499626,,,,0,2,0.0,0,-180381,16519,196900,66,True,,0,5,2,9,2023-24,0.0,0.0,0.0,0.0,0.0,Andrew_Robertson
9,9,9,,0,,,,0,0,0,,,0.0,,,307,,,97,,0,0,0.0,,0.0,,2023-10-29T14:00:00Z,,,,0,,,16,0,,0,0,,0,10,0,358196,,,,0,3,0.0,0,-144825,269,145094,65,True,,0,5,2,10,2023-24,0.0,0.0,0.0,0.0,0.0,Andrew_Robertson
10,10,10,,0,,,,0,0,0,,,0.0,,,307,,,105,,0,0,0.0,,0.0,,2023-11-05T16:30:00Z,,,,0,,,12,0,,0,0,,0,11,0,302040,,,,1,1,0.0,0,-58584,250,58834,65,False,,0,4,2,11,2023-24,0.0,0.0,0.0,0.0,0.0,Andrew_Robertson
11,11,11,,0,,,,0,0,0,,,0.0,,,307,,,117,,0,0,0.0,,0.0,,2023-11-12T14:00:00Z,,,,0,,,4,0,,0,0,,0,12,0,278401,,,,0,3,0.0,0,-24437,210,24647,64,True,,0,5,3,12,2023-24,0.0,0.0,0.0,0.0,0.0,Andrew_Robertson
12,12,12,,0,,,,0,0,0,,,0.0,,,307,,,126,,0,0,0.0,,0.0,,2023-11-25T12:30:00Z,,,,0,,,13,0,,0,0,,0,13,0,261472,,,,1,1,0.0,0,-17268,226,17494,64,False,,0,4,5,13,2023-24,0.0,0.0,0.0,0.0,0.0,Andrew_Robertson
13,13,13,,0,,,,0,0,0,,,0.0,,,307,,,136,,0,0,0.0,,0.0,,2023-12-03T14:00:00Z,,,,0,,,10,0,,0,0,,0,14,0,254619,,,,3,4,0.0,0,-7471,155,7626,64,True,,0,5,2,14,2023-24,0.0,0.0,0.0,0.0,0.0,Andrew_Robertson
14,14,14,,0,,,,0,0,0,,,0.0,,,307,,,147,,0,0,0.0,,0.0,,2023-12-06T19:30:00Z,,,,0,,,17,0,,0,0,,0,15,0,250349,,,,2,0,0.0,0,-4497,104,4601,64,False,,0,4,2,15,2023-24,0.0,0.0,0.0,0.0,0.0,Andrew_Robertson
15,15,15,,0,,,,0,0,0,,,0.0,,,307,,,153,,0,0,0.0,,0.0,,2023-12-09T12:30:00Z,,,,0,,,8,0,,0,0,,0,16,0,246580,,,,2,1,0.0,0,-3834,116,3950,64,False,,0,4,2,16,2023-24,0.0,0.0,0.0,0.0,0.0,Andrew_Robertson
16,16,16,,0,,,,0,0,0,,,0.0,,,307,,,166,,0,0,0.0,,0.0,,2023-12-17T16:30:00Z,,,,0,,,14,0,,0,0,,0,17,0,242605,,,,0,0,0.0,0,-4027,399,4426,64,True,,0,5,3,17,2023-24,0.0,0.0,0.0,0.0,0.0,Andrew_Robertson
17,17,17,,0,,,,0,0,0,,,0.0,,,307,,,174,,0,0,0.0,,0.0,,2023-12-23T17:30:00Z,,,,0,,,1,0,,0,0,,0,18,0,240324,,,,1,1,0.0,0,-2462,163,2625,64,True,,0,5,4,18,2023-24,0.0,0.0,0.0,0.0,0.0,Andrew_Robertson
18,18,18,,0,,,,0,0,0,,,0.0,,,307,,,185,,0,0,0.0,,0.0,,2023-12-26T17:30:00Z,,,,0,,,6,0,,0,0,,0,19,0,238712,,,,2,0,0.0,0,-1717,165,1882,64,False,,0,4,2,19,2023-24,0.0,0.0,0.0,0.0,0.0,Andrew_Robertson
19,19,19,,0,,,,0,0,0,,,0.0,,,307,,,194,,0,0,0.0,,0.0,,2024-01-01T20:00:00Z,,,,0,,,15,0,,0,0,,0,20,0,236793,,,,2,4,0.0,0,-1975,206,2181,64,True,,0,5,3,20,2023-24,0.0,0.0,0.0,0.0,0.0,Andrew_Robertson
20,20,20,,0,,,,0,0,0,,,0.0,,,307,,,202,,0,0,0.0,,0.0,,2024-01-21T16:30:00Z,,,,0,,,3,0,,0,0,,0,21,0,233888,,,,4,0,0.0,0,-3052,1083,4135,64,False,,0,4,2,21,2023-24,0.0,0.0,0.0,0.0,0.0,Andrew_Robertson
21,21,21,,0,,,,0,9,0,,,15.5,,,307,,,219,,1,0,2.4,,6.4,,2024-01-31T20:15:00Z,,,,21,,,7,0,,0,0,,0,22,0,244046,,,,1,4,2.0,1,8801,12342,3541,64,True,,0,5,3,22,2023-24,0.17,0.17,0.0,0.18,0.0,Andrew_Robertson
22,22,22,,0,,,,0,3,0,,,1.9,,,307,,,221,,2,0,0.5,,2.6,,2024-02-04T16:30:00Z,,,,32,,,1,0,,0,0,,0,23,0,248922,,,,1,3,0.0,0,4321,6678,2357,64,False,,0,4,4,23,2023-24,0.01,0.01,0.0,1.42,0.0,Andrew_Robertson
