Unnamed: 0,assists,bonus,bps,clean_sheets,creativity,element,expected_assists,expected_goal_involvements,expected_goals,expected_goals_conceded,fixture,goals_conceded,goals_scored,ict_index,influence,kickoff_time,minutes,opponent_team,own_goals,penalties_missed,penalties_saved,red_cards,round,saves,selected,starts,team_a_score,team_h_score,threat,total_points,transfers_balance,transfers_in,transfers_out,value,was_home,yellow_cards,own_FDR,opp_FDR,attempted_passes,big_chances_created,big_chances_missed,clearances_blocks_interceptions,completed_passes,dribbles,ea_index,errors_leading_to_goal,errors_leading_to_goal_attempt,fouls,id,key_passes,kickoff_time_formatted,loaned_in,loaned_out,offside,open_play_crosses,penalties_conceded,recoveries,tackled,tackles,target_missed,winning_goals
0,0,0,0,0,0.0,296,0.0,0.0,0.0,0.0,9,0,0,0.0,0.0,2023-08-13T15:30:00Z,0,7,0,0,0,0,1,0,1855,0.0,1,1,0.0,0,0,0,0,50,False,0,4,3,,,,,,,,,,,,,,,,,,,,,,,
1,0,0,0,0,0.0,296,0.0,0.0,0.0,0.0,14,0,0,0.0,0.0,2023-08-19T14:00:00Z,0,3,0,0,0,0,2,0,1197,0.0,1,3,0.0,0,-620,0,620,50,True,0,5,2,,,,,,,,,,,,,,,,,,,,,,,
2,0,0,0,0,0.0,296,0.0,0.0,0.0,0.0,29,0,0,0.0,0.0,2023-08-27T15:30:00Z,0,15,0,0,0,0,3,0,1039,0.0,2,1,0.0,0,-203,0,203,50,False,0,4,4,,,,,,,,,,,,,,,,,,,,,,,
3,0,0,0,0,0.0,296,0.0,0.0,0.0,0.0,37,0,0,0.0,0.0,2023-09-03T13:00:00Z,0,2,0,0,0,0,4,0,945,0.0,0,3,0.0,0,-100,0,100,50,True,0,5,3,,,,,,,,,,,,,,,,,,,,,,,
4,0,0,0,0,0.0,296,0.0,0.0,0.0,0.0,50,0,0,0.0,0.0,2023-09-16T11:30:00Z,0,20,0,0,0,0,5,0,883,0.0,3,1,0.0,0,-66,0,66,50,False,0,4,2,,,,,,,,,,,,,,,,,,,,,,,
5,0,0,0,0,0.0,296,0.0,0.0,0.0,0.0,57,0,0,0.0,0.0,2023-09-24T13:00:00Z,0,19,0,0,0,0,6,0,858,0.0,1,3,0.0,0,-24,0,24,50,True,0,5,2,,,,,,,,,,,,,,,,,,,,,,,
6,0,0,0,0,0.0,296,0.0,0.0,0.0,0.0,68,0,0,0.0,0.0,2023-09-30T16:30:00Z,0,18,0,0,0,0,7,0,833,0.0,1,2,0.0,0,-25,0,25,50,False,0,4,3,,,,,,,,,,,,,,,,,,,,,,,
7,0,0,0,0,0.0,296,0.0,0.0,0.0,0.0,72,0,0,0.0,0.0,2023-10-08T13:00:00Z,0,5,0,0,0,0,8,0,825,0.0,2,2,0.0,0,-9,0,9,50,False,0,4,3,,,,,,,,,,,,,,,,,,,,,,,
8,0,0,0,0,0.0,296,0.0,0.0,0.0,0.0,85,0,0,0.0,0.0,2023-10-21T11:30:00Z,0,9,0,0,0,0,9,0,811,0.0,0,2,0.0,0,-13,0,13,50,True,0,5,2,,,,,,,,,,,,,,,,,,,,,,,
9,0,0,0,0,0.0,296,0.0,0.0,0.0,0.0,97,0,0,0.0,0.0,2023-10-29T14:00:00Z,0,16,0,0,0,0,10,0,804,0.0,0,3,0.0,0,-7,0,7,50,True,0,5,2,,,,,,,,,,,,,,,,,,,,,,,
10,0,0,0,0,0.0,296,0.0,0.0,0.0,0.0,105,0,0,0.0,0.0,2023-11-05T16:30:00Z,0,12,0,0,0,0,11,0,800,0.0,1,1,0.0,0,-4,0,4,50,False,0,4,2,,,,,,,,,,,,,,,,,,,,,,,
11,0,0,0,0,0.0,296,0.0,0.0,0.0,0.0,117,0,0,0.0,0.0,2023-11-12T14:00:00Z,0,4,0,0,0,0,12,0,796,0.0,0,3,0.0,0,-5,0,5,50,True,0,5,3,,,,,,,,,,,,,,,,,,,,,,,
12,0,0,0,0,0.0,296,0.0,0.0,0.0,0.0,126,0,0,0.0,0.0,2023-11-25T12:30:00Z,0,13,0,0,0,0,13,0,792,0.0,1,1,0.0,0,-4,0,4,50,False,0,4,5,,,,,,,,,,,,,,,,,,,,,,,
13,0,0,0,0,0.0,296,0.0,0.0,0.0,0.0,136,0,0,0.0,0.0,2023-12-03T14:00:00Z,0,10,0,0,0,0,14,0,788,0.0,3,4,0.0,0,-4,0,4,50,True,0,5,2,,,,,,,,,,,,,,,,,,,,,,,
14,0,0,0,0,0.0,296,0.0,0.0,0.0,0.0,147,0,0,0.0,0.0,2023-12-06T19:30:00Z,0,17,0,0,0,0,15,0,788,0.0,2,0,0.0,0,0,0,0,50,False,0,4,2,,,,,,,,,,,,,,,,,,,,,,,
15,0,0,0,0,0.0,296,0.0,0.0,0.0,0.0,153,0,0,0.0,0.0,2023-12-09T12:30:00Z,0,8,0,0,0,0,16,0,784,0.0,2,1,0.0,0,-3,0,3,50,False,0,4,2,,,,,,,,,,,,,,,,,,,,,,,
16,0,0,0,0,0.0,296,0.0,0.0,0.0,0.0,166,0,0,0.0,0.0,2023-12-17T16:30:00Z,0,14,0,0,0,0,17,0,783,0.0,0,0,0.0,0,-2,0,2,50,True,0,5,3,,,,,,,,,,,,,,,,,,,,,,,
17,0,0,0,0,0.0,296,0.0,0.0,0.0,0.0,174,0,0,0.0,0.0,2023-12-23T17:30:00Z,0,1,0,0,0,0,18,0,777,0.0,1,1,0.0,0,-5,0,5,50,True,0,5,4,,,,,,,,,,,,,,,,,,,,,,,
18,0,0,0,0,0.0,296,0.0,0.0,0.0,0.0,185,0,0,0.0,0.0,2023-12-26T17:30:00Z,0,6,0,0,0,0,19,0,778,0.0,2,0,0.0,0,0,0,0,50,False,0,4,2,,,,,,,,,,,,,,,,,,,,,,,
19,0,0,0,0,0.0,296,0.0,0.0,0.0,0.0,194,0,0,0.0,0.0,2024-01-01T20:00:00Z,0,15,0,0,0,0,20,0,774,0.0,2,4,0.0,0,-3,0,3,50,True,0,5,3,,,,,,,,,,,,,,,,,,,,,,,
20,0,0,0,0,0.0,296,0.0,0.0,0.0,0.0,202,0,0,0.0,0.0,2024-01-21T16:30:00Z,0,3,0,0,0,0,21,0,772,0.0,4,0,0.0,0,-3,0,3,50,False,0,4,2,,,,,,,,,,,,,,,,,,,,,,,
21,0,0,0,0,0.0,296,0.0,0.0,0.0,0.0,219,0,0,0.0,0.0,2024-01-31T20:15:00Z,0,7,0,0,0,0,22,0,768,0.0,1,4,0.0,0,-4,0,4,50,True,0,5,3,,,,,,,,,,,,,,,,,,,,,,,
22,0,0,0,0,0.0,296,0.0,0.0,0.0,0.0,221,0,0,0.0,0.0,2024-02-04T16:30:00Z,0,1,0,0,0,0,23,0,766,0.0,1,3,0.0,0,-2,0,2,50,False,0,4,4,,,,,,,,,,,,,,,,,,,,,,,
0,0,0,0,0,0.0,255,,,,,5,0,0,0.0,0.0,2018-08-12T12:30:00Z,0,19,0,0,0,0,1,0,51015,,0,4,0.0,0,0,0,0,60,True,0,5,3,0.0,0.0,0.0,0.0,0.0,0.0,0.0,0.0,0.0,0.0,255.0,0.0,12 Aug 13:30,0.0,0.0,0.0,0.0,0.0,0.0,0.0,0.0,0.0,0.0
1,0,0,0,0,0.0,255,,,,,15,0,0,0.0,0.0,2018-08-20T19:00:00Z,0,7,0,0,0,0,2,0,45029,,2,0,0.0,0,-9465,1462,10927,59,False,0,4,2,0.0,0.0,0.0,0.0,0.0,0.0,0.0,0.0,0.0,0.0,780.0,0.0,20 Aug 20:00,0.0,0.0,0.0,0.0,0.0,0.0,0.0,0.0,0.0,0.0
2,0,0,0,0,0.0,255,,,,,25,0,0,0.0,0.0,2018-08-25T16:30:00Z,0,3,0,0,0,0,3,0,38053,,0,1,0.0,0,-8786,1045,9831,58,True,0,5,2,0.0,0.0,0.0,0.0,0.0,0.0,0.0,0.0,0.0,0.0,1307.0,0.0,25 Aug 17:30,0.0,0.0,0.0,0.0,0.0,0.0,0.0,0.0,0.0,0.0
3,0,0,0,0,0.0,255,,,,,37,0,0,0.0,0.0,2018-09-01T11:30:00Z,0,11,0,0,0,0,4,0,32381,,2,1,0.0,0,-6730,582,7312,57,False,0,4,3,0.0,0.0,0.0,0.0,0.0,0.0,0.0,0.0,0.0,0.0,1838.0,0.0,01 Sep 12:30,0.0,0.0,0.0,0.0,0.0,0.0,0.0,0.0,0.0,0.0
4,0,0,0,0,0.0,255,,,,,48,0,0,0.0,0.0,2018-09-15T11:30:00Z,0,17,0,0,0,0,5,0,29512,,2,1,0.0,0,-3893,606,4499,57,False,0,4,4,0.0,0.0,0.0,0.0,0.0,0.0,0.0,0.0,0.0,0.0,2375.0,0.0,15 Sep 12:30,0.0,0.0,0.0,0.0,0.0,0.0,0.0,0.0,0.0,0.0
5,0,0,0,0,0.0,255,,,,,58,0,0,0.0,0.0,2018-09-22T14:00:00Z,0,16,0,0,0,0,6,0,27965,,0,3,0.0,0,-2031,407,2438,56,True,0,5,2,0.0,0.0,0.0,0.0,0.0,0.0,0.0,0.0,0.0,0.0,2912.0,0.0,22 Sep 15:00,0.0,0.0,0.0,0.0,0.0,0.0,0.0,0.0,0.0,0.0
6,0,0,0,0,0.0,255,,,,,64,0,0,0.0,0.0,2018-09-29T16:30:00Z,0,6,0,0,0,0,7,0,26828,,1,1,0.0,0,-1492,237,1729,56,False,0,4,4,0.0,0.0,0.0,0.0,0.0,0.0,0.0,0.0,0.0,0.0,3450.0,0.0,29 Sep 17:30,0.0,0.0,0.0,0.0,0.0,0.0,0.0,0.0,0.0,0.0
7,0,0,0,0,0.0,255,,,,,76,0,0,0.0,0.0,2018-10-07T15:30:00Z,0,13,0,0,0,0,8,0,26275,,0,0,0.0,0,-830,204,1034,56,True,0,5,4,0.0,0.0,0.0,0.0,0.0,0.0,0.0,0.0,0.0,0.0,3989.0,0.0,07 Oct 16:30,0.0,0.0,0.0,0.0,0.0,0.0,0.0,0.0,0.0,0.0
8,0,0,3,0,0.8,255,,,,,86,0,0,0.7,6.2,2018-10-20T16:30:00Z,21,10,0,0,0,0,9,0,26205,,1,0,0.0,1,-492,683,1175,56,False,0,4,2,12.0,0.0,0.0,1.0,7.0,0.0,0.0,0.0,0.0,0.0,4531.0,0.0,20 Oct 17:30,0.0,0.0,0.0,0.0,0.0,1.0,0.0,0.0,0.0,0.0
9,0,0,12,0,16.9,255,,,,,96,1,0,4.6,15.0,2018-10-27T14:00:00Z,90,5,0,0,0,0,10,0,26520,,1,4,14.0,2,55,709,654,56,True,0,5,2,85.0,0.0,0.0,2.0,75.0,1.0,0.0,0.0,0.0,1.0,5077.0,1.0,27 Oct 15:00,0.0,0.0,0.0,0.0,0.0,4.0,1.0,0.0,0.0,0.0
10,0,0,-1,0,11.2,255,,,,,101,1,0,2.1,7.6,2018-11-03T17:30:00Z,90,1,0,0,0,0,11,0,26618,,1,1,2.0,1,-144,631,775,56,False,1,4,4,26.0,0.0,0.0,0.0,21.0,0.0,0.0,0.0,0.0,3.0,5625.0,1.0,03 Nov 17:30,0.0,0.0,0.0,0.0,0.0,1.0,2.0,0.0,0.0,0.0
11,0,0,13,1,16.8,255,,,,,117,0,0,4.0,12.8,2018-11-11T12:00:00Z,90,9,0,0,0,0,12,0,26452,,0,2,10.0,3,-367,328,695,55,True,0,5,2,80.0,0.0,0.0,4.0,72.0,0.0,0.0,0.0,0.0,3.0,6175.0,1.0,11 Nov 12:00,0.0,0.0,0.0,0.0,0.0,8.0,1.0,0.0,0.0,0.0
12,0,0,5,0,0.0,255,,,,,128,0,0,0.2,2.2,2018-11-24T15:00:00Z,4,18,0,0,0,0,13,0,26574,,3,0,0.0,1,-126,412,538,55,False,0,4,3,5.0,0.0,0.0,0.0,1.0,0.0,0.0,0.0,0.0,0.0,6727.0,0.0,24 Nov 15:00,0.0,0.0,0.0,0.0,0.0,1.0,0.0,1.0,0.0,0.0
13,0,0,7,1,4.7,255,,,,,137,0,0,2.3,18.0,2018-12-02T16:15:00Z,90,8,0,0,0,0,14,0,26376,,0,1,0.0,2,-276,150,426,55,True,1,5,2,58.0,0.0,0.0,3.0,50.0,0.0,0.0,0.0,0.0,2.0,7280.0,0.0,02 Dec 16:15,0.0,0.0,0.0,0.0,0.0,5.0,0.0,0.0,0.0,0.0
14,0,0,0,0,0.0,255,,,,,143,0,0,0.0,0.0,2018-12-05T19:45:00Z,0,4,0,0,0,0,15,0,26429,,3,1,0.0,0,-41,271,312,55,False,0,4,3,0.0,0.0,0.0,0.0,0.0,0.0,0.0,0.0,0.0,0.0,7836.0,0.0,05 Dec 19:45,0.0,0.0,0.0,0.0,0.0,0.0,0.0,0.0,0.0,0.0
15,0,0,7,1,4.3,255,,,,,152,0,0,1.8,12.2,2018-12-08T12:30:00Z,90,2,0,0,0,0,16,0,26285,,4,0,1.0,2,-236,163,399,55,False,1,4,3,74.0,0.0,0.0,4.0,63.0,1.0,0.0,0.0,0.0,3.0,8394.0,0.0,08 Dec 12:30,0.0,0.0,0.0,0.0,0.0,5.0,0.0,0.0,1.0,0.0
16,1,0,25,0,28.5,255,,,,,165,1,0,10.6,34.8,2018-12-16T16:00:00Z,90,14,0,0,0,0,17,0,26174,,1,3,43.0,5,-251,197,448,55,True,0,5,4,66.0,1.0,0.0,1.0,52.0,3.0,0.0,0.0,0.0,1.0,8953.0,2.0,16 Dec 16:00,0.0,0.0,0.0,0.0,0.0,6.0,0.0,0.0,1.0,0.0
17,1,0,18,1,11.9,255,,,,,180,0,0,4.0,26.4,2018-12-21T20:00:00Z,90,20,0,0,0,0,18,0,29521,,2,0,2.0,6,2889,3362,473,55,False,0,4,3,60.0,0.0,0.0,3.0,51.0,0.0,0.0,0.0,1.0,0.0,9515.0,1.0,21 Dec 20:00,0.0,0.0,0.0,0.0,0.0,5.0,3.0,0.0,0.0,0.0
18,0,0,21,0,0.9,255,,,,,186,0,1,7.1,37.4,2018-12-26T15:00:00Z,28,15,0,0,0,0,19,0,36060,,0,4,33.0,6,5899,7016,1117,55,True,0,5,2,26.0,0.0,0.0,1.0,23.0,0.0,0.0,0.0,0.0,0.0,10080.0,0.0,26 Dec 15:00,0.0,0.0,0.0,0.0,0.0,1.0,0.0,0.0,0.0,0.0
19,0,0,12,0,2.0,255,,,,,196,1,0,4.3,23.6,2018-12-29T17:30:00Z,90,1,0,0,0,0,20,0,41590,,1,5,17.0,2,5143,6915,1772,55,True,0,5,4,51.0,0.0,0.0,5.0,39.0,1.0,0.0,0.0,1.0,2.0,10648.0,0.0,29 Dec 17:30,0.0,0.0,0.0,0.0,0.0,3.0,1.0,2.0,0.0,0.0
20,0,0,5,0,1.3,255,,,,,207,1,0,0.9,5.4,2019-01-03T20:00:00Z,33,13,0,0,0,0,21,0,42205,,1,2,2.0,1,352,3844,3492,55,False,0,4,5,33.0,0.0,0.0,0.0,26.0,1.0,0.0,0.0,0.0,0.0,11216.0,0.0,03 Jan 20:00,0.0,0.0,0.0,0.0,0.0,0.0,1.0,0.0,0.0,0.0
21,0,0,14,1,1.4,255,,,,,211,0,0,3.3,27.2,2019-01-12T15:00:00Z,90,3,0,0,0,0,22,0,44014,,1,0,4.0,3,842,5137,4295,55,False,0,4,2,110.0,0.0,0.0,8.0,94.0,0.0,0.0,0.0,0.0,0.0,11786.0,0.0,12 Jan 15:00,0.0,0.0,0.0,0.0,0.0,3.0,0.0,0.0,1.0,0.0
22,0,0,14,0,38.2,255,,,,,225,2,0,6.8,21.0,2019-01-19T15:00:00Z,86,7,0,0,0,0,23,0,44903,,3,4,9.0,2,111,4387,4276,55,True,0,5,2,78.0,0.0,0.0,3.0,73.0,0.0,0.0,0.0,0.0,0.0,12360.0,3.0,19 Jan 15:00,0.0,0.0,0.0,0.0,0.0,3.0,2.0,0.0,1.0,0.0
23,0,0,4,0,1.9,255,,,,,237,0,0,0.7,4.8,2019-01-30T20:00:00Z,23,11,0,0,0,0,24,0,39043,,1,1,0.0,1,-5877,569,6446,55,True,0,5,3,27.0,0.0,0.0,3.0,20.0,0.0,0.0,0.0,0.0,0.0,12939.0,0.0,30 Jan 20:00,0.0,0.0,0.0,0.0,0.0,2.0,0.0,0.0,0.0,0.0
24,0,0,13,0,17.8,255,,,,,250,1,0,3.0,12.6,2019-02-04T20:00:00Z,90,19,0,0,0,0,25,0,38159,,1,1,0.0,2,-1077,540,1617,55,False,0,4,3,100.0,0.0,0.0,0.0,91.0,0.0,0.0,0.0,0.0,2.0,13546.0,1.0,04 Feb 20:00,0.0,0.0,0.0,0.0,0.0,7.0,0.0,0.0,0.0,0.0
25,0,0,15,1,28.9,255,,,,,255,0,0,5.4,23.0,2019-02-09T15:00:00Z,90,2,0,0,0,0,26,0,38442,,0,3,2.0,3,-273,1347,1620,55,True,0,5,2,60.0,0.0,0.0,3.0,53.0,0.0,0.0,0.0,0.0,0.0,14176.0,2.0,09 Feb 15:00,0.0,0.0,0.0,1.0,0.0,5.0,0.0,0.0,0.0,0.0
26,0,0,12,1,14.8,255,,,,,268,0,0,3.1,14.4,2019-02-24T14:05:00Z,90,14,0,0,0,0,27,0,38788,,0,0,2.0,3,-124,1182,1306,55,False,0,4,4,73.0,0.0,0.0,0.0,64.0,1.0,0.0,0.0,0.0,2.0,14707.0,1.0,24 Feb 14:05,0.0,0.0,0.0,0.0,0.0,10.0,1.0,0.0,0.0,0.0
27,0,0,20,1,7.2,255,,,,,277,0,0,3.2,15.4,2019-02-27T20:00:00Z,90,18,0,0,0,0,28,0,39473,,0,5,9.0,3,309,894,585,55,True,0,5,3,74.0,0.0,0.0,4.0,65.0,0.0,0.0,0.0,0.0,1.0,15260.0,0.0,27 Feb 20:00,0.0,0.0,0.0,1.0,0.0,6.0,1.0,4.0,1.0,0.0
28,0,0,8,1,15.6,255,,,,,284,0,0,3.0,8.4,2019-03-03T16:15:00Z,90,8,0,0,0,0,29,0,39781,,0,0,6.0,2,128,1063,935,55,False,1,4,3,51.0,1.0,1.0,1.0,37.0,1.0,0.0,0.0,0.0,1.0,15865.0,1.0,03 Mar 16:15,0.0,0.0,0.0,0.0,0.0,8.0,2.0,1.0,0.0,0.0
29,0,0,8,0,2.9,255,,,,,297,2,0,2.0,9.4,2019-03-10T12:00:00Z,90,4,0,0,0,0,30,0,40548,,2,4,8.0,1,362,1360,998,55,True,1,5,2,63.0,0.0,0.0,1.0,56.0,0.0,0.0,0.0,0.0,1.0,16471.0,0.0,10 Mar 12:00,0.0,0.0,0.0,0.0,0.0,5.0,3.0,2.0,0.0,0.0
30,0,0,11,0,20.5,255,,,,,305,1,0,3.2,11.6,2019-03-17T14:15:00Z,90,9,0,0,0,0,31,0,40528,,2,1,0.0,1,9,1015,1006,55,False,1,4,2,75.0,0.0,0.0,1.0,67.0,0.0,0.0,0.0,0.0,2.0,16992.0,1.0,17 Mar 14:15,0.0,0.0,0.0,1.0,0.0,2.0,0.0,2.0,0.0,0.0
31,0,0,4,0,0.3,255,,,,,318,0,0,0.3,3.0,2019-03-31T15:30:00Z,13,17,0,0,0,0,32,0,40162,,1,2,0.0,1,-847,444,1291,55,True,0,5,4,10.0,0.0,0.0,0.0,7.0,0.0,0.0,0.0,0.0,0.0,17486.0,0.0,31 Mar 16:30,0.0,0.0,0.0,0.0,0.0,1.0,1.0,1.0,0.0,0.0
32,0,0,9,0,17.9,255,,,,,327,1,0,2.8,8.8,2019-04-05T19:00:00Z,90,16,0,0,0,0,33,0,40160,,3,1,1.0,2,-244,412,656,55,False,0,4,2,70.0,0.0,0.0,2.0,53.0,0.0,0.0,0.0,0.0,2.0,18228.0,1.0,05 Apr 20:00,0.0,0.0,0.0,0.0,0.0,7.0,0.0,0.0,1.0,0.0
33,0,0,17,1,7.8,255,,,,,336,0,0,3.2,16.2,2019-04-14T15:30:00Z,90,6,0,0,0,0,34,0,39929,,0,2,8.0,3,-367,256,623,55,True,0,5,4,86.0,0.0,0.0,2.0,78.0,0.0,0.0,0.0,0.0,0.0,18706.0,0.0,14 Apr 16:30,0.0,0.0,0.0,0.0,0.0,5.0,1.0,2.0,0.0,0.0
34,0,0,3,0,0.0,255,,,,,343,0,0,0.0,0.0,2019-04-21T15:00:00Z,3,5,0,0,0,0,35,0,39887,,2,0,0.0,1,-177,691,868,55,False,0,4,2,1.0,0.0,0.0,0.0,1.0,0.0,0.0,0.0,0.0,0.0,19377.0,0.0,21 Apr 16:00,0.0,0.0,0.0,0.0,0.0,0.0,0.0,0.0,0.0,0.0
35,0,0,0,0,0.0,255,,,,,356,0,0,0.0,0.0,2019-04-26T19:00:00Z,0,10,0,0,0,0,36,0,38630,,0,5,0.0,0,-1283,100,1383,55,True,0,5,2,0.0,0.0,0.0,0.0,0.0,0.0,0.0,0.0,0.0,0.0,20191.0,0.0,26 Apr 20:00,0.0,0.0,0.0,0.0,0.0,0.0,0.0,0.0,0.0,0.0
36,0,0,12,0,6.2,255,,,,,368,2,0,2.3,16.4,2019-05-04T18:45:00Z,90,15,0,0,0,0,37,0,37968,,3,2,0.0,2,-735,97,832,55,False,0,4,3,92.0,0.0,0.0,4.0,77.0,0.0,0.0,0.0,0.0,1.0,20806.0,0.0,04 May 19:45,0.0,0.0,0.0,0.0,0.0,7.0,1.0,0.0,0.0,0.0
37,0,0,14,1,2.7,255,,,,,376,0,0,1.5,12.4,2019-05-12T14:00:00Z,90,20,0,0,0,0,38,0,38548,,0,2,0.0,3,364,653,289,55,True,0,5,3,63.0,0.0,0.0,3.0,57.0,1.0,0.0,0.0,0.0,2.0,21422.0,0.0,12 May 15:00,0.0,0.0,0.0,0.0,0.0,8.0,0.0,0.0,0.0,0.0
0,0,0,18,0,11.8,197,,,,,1,1,0,4.4,25.6,2019-08-09T19:00:00Z,90,14,0,0,0,0,1,0,49706,,1,4,7.0,2,0,0,0,55,True,0,5,2,,,,,,,,,,,,,,,,,,,,,,,
1,0,0,6,0,0.3,197,,,,,19,1,0,0.5,4.4,2019-08-17T14:00:00Z,16,16,0,0,0,0,2,0,77496,,2,1,0.0,1,3518,12765,9247,55,False,0,4,2,,,,,,,,,,,,,,,,,,,,,,,
2,1,2,32,0,51.0,197,,,,,24,1,0,8.9,36.2,2019-08-24T16:30:00Z,90,1,0,0,0,0,3,0,73585,,1,3,2.0,6,-7887,4890,12777,55,True,1,5,3,,,,,,,,,,,,,,,,,,,,,,,
3,0,0,11,1,12.8,197,,,,,32,0,0,2.4,10.2,2019-08-31T16:30:00Z,90,5,0,0,0,0,4,0,91301,,3,0,1.0,3,9693,17785,8092,55,False,0,4,3,,,,,,,,,,,,,,,,,,,,,,,
4,0,0,17,0,18.3,197,,,,,44,1,0,2.8,9.2,2019-09-14T11:30:00Z,90,13,0,0,0,0,5,0,100933,,1,3,0.0,2,4809,15168,10359,55,True,0,5,2,,,,,,,,,,,,,,,,,,,,,,,
5,0,0,12,0,16.4,197,,,,,53,1,0,3.2,15.8,2019-09-22T15:30:00Z,90,6,0,0,0,0,6,0,102698,,2,1,0.0,1,-535,7932,8467,55,False,1,4,4,,,,,,,,,,,,,,,,,,,,,,,
6,0,0,24,1,16.5,197,,,,,68,0,0,4.4,19.0,2019-09-28T11:30:00Z,90,15,0,0,0,0,7,0,104262,,1,0,8.0,3,-1010,8929,9939,55,False,0,4,3,,,,,,,,,,,,,,,,,,,,,,,
7,0,0,10,0,6.7,197,,,,,74,1,0,2.1,14.6,2019-10-05T14:00:00Z,90,9,0,0,0,0,8,0,103562,,1,2,0.0,1,-2151,4693,6844,55,True,1,5,3,,,,,,,,,,,,,,,,,,,,,,,
8,0,0,11,0,24.6,197,,,,,87,1,0,3.7,12.4,2019-10-20T15:30:00Z,90,12,0,0,0,0,9,0,100808,,1,1,0.0,1,-4174,3247,7421,55,False,1,4,4,,,,,,,,,,,,,,,,,,,,,,,
9,0,0,19,0,33.0,197,,,,,94,1,0,6.4,22.8,2019-10-27T16:30:00Z,90,17,0,0,0,0,10,0,100111,,1,2,8.0,2,-1638,2590,4228,55,True,0,5,3,,,,,,,,,,,,,,,,,,,,,,,
10,0,0,0,0,0.0,197,,,,,102,0,0,0.0,0.0,2019-11-02T15:00:00Z,0,2,0,0,0,0,11,0,102311,,2,1,0.0,0,581,6203,5622,55,False,0,4,2,,,,,,,,,,,,,,,,,,,,,,,
11,0,2,29,0,1.1,197,,,,,114,1,1,5.5,38.6,2019-11-10T16:30:00Z,90,11,0,0,0,0,12,0,100696,,1,3,15.0,9,-2337,3775,6112,55,True,0,5,4,,,,,,,,,,,,,,,,,,,,,,,
12,0,0,10,0,6.3,197,,,,,125,1,0,1.8,11.8,2019-11-23T15:00:00Z,90,7,0,0,0,0,13,0,121276,,2,1,0.0,1,16162,20690,4528,55,False,1,4,3,,,,,,,,,,,,,,,,,,,,,,,
13,0,0,0,0,0.0,197,,,,,134,0,0,0.0,0.0,2019-11-30T15:00:00Z,0,4,0,0,0,0,14,0,98209,,1,2,0.0,0,-21374,922,22296,55,True,0,5,2,,,,,,,,,,,,,,,,,,,,,,,
14,0,0,0,0,0.0,197,,,,,149,0,0,0.0,0.0,2019-12-04T20:15:00Z,0,8,0,0,0,0,15,0,89891,,2,5,0.0,0,-9093,141,9234,55,True,0,5,2,,,,,,,,,,,,,,,,,,,,,,,
15,0,0,0,0,0.0,197,,,,,152,0,0,0.0,0.0,2019-12-07T15:00:00Z,0,3,0,0,0,0,16,0,84054,,3,0,0.0,0,-5988,128,6116,55,False,0,4,2,,,,,,,,,,,,,,,,,,,,,,,
16,0,0,0,0,0.0,197,,,,,166,0,0,0.0,0.0,2019-12-14T12:30:00Z,0,18,0,0,0,0,17,0,79006,,0,2,0.0,0,-5114,159,5273,55,True,0,5,2,,,,,,,,,,,,,,,,,,,,,,,
17,0,0,0,0,0.0,197,,,,,186,0,0,0.0,0.0,2019-12-26T20:00:00Z,0,9,0,0,0,0,19,0,75472,,4,0,0.0,0,-1227,89,1316,54,False,0,4,3,,,,,,,,,,,,,,,,,,,,,,,
18,0,0,0,0,0.0,197,,,,,194,0,0,0.0,0.0,2019-12-29T16:30:00Z,0,20,0,0,0,0,20,0,74608,,0,1,0.0,0,-922,110,1032,54,True,0,5,4,,,,,,,,,,,,,,,,,,,,,,,
19,0,0,0,0,0.0,197,,,,,204,0,0,0.0,0.0,2020-01-02T20:00:00Z,0,15,0,0,0,0,21,0,73464,,0,2,0.0,0,-1176,120,1296,54,True,0,5,3,,,,,,,,,,,,,,,,,,,,,,,
20,0,0,0,0,0.0,197,,,,,219,0,0,0.0,0.0,2020-01-11T17:30:00Z,0,17,0,0,0,0,22,0,71745,,1,0,0.0,0,-1748,53,1801,54,False,0,4,4,,,,,,,,,,,,,,,,,,,,,,,
21,0,0,3,0,0.0,197,,,,,224,0,0,0.0,0.0,2020-01-19T16:30:00Z,7,12,0,0,0,0,23,0,70852,,0,2,0.0,1,-985,171,1156,54,True,0,5,4,,,,,,,,,,,,,,,,,,,,,,,
22,0,0,4,0,1.1,197,,,,,237,0,0,0.6,3.2,2020-01-23T20:00:00Z,20,20,0,0,0,0,24,0,71475,,2,1,2.0,1,476,975,499,54,False,0,4,3,,,,,,,,,,,,,,,,,,,,,,,
23,0,0,7,0,1.5,197,,,,,180,0,0,0.4,2.4,2020-01-29T19:45:00Z,21,19,0,0,0,0,24,0,71475,,2,0,0.0,1,476,975,499,54,False,0,4,2,,,,,,,,,,,,,,,,,,,,,,,
24,0,0,8,1,12.1,197,,,,,245,0,0,2.5,11.6,2020-02-01T15:00:00Z,90,16,0,0,0,0,25,0,71796,,0,4,1.0,3,27,929,902,54,True,0,5,3,,,,,,,,,,,,,,,,,,,,,,,
25,0,0,2,0,2.6,197,,,,,257,0,0,0.6,3.4,2020-02-15T17:30:00Z,30,14,0,0,0,0,26,0,71885,,1,0,0.0,1,-97,491,588,54,False,0,4,2,,,,,,,,,,,,,,,,,,,,,,,
26,0,0,16,0,30.0,197,,,,,266,2,0,5.6,16.2,2020-02-24T20:00:00Z,90,19,0,0,0,0,27,0,72860,,2,3,10.0,2,726,1427,701,54,True,0,5,2,,,,,,,,,,,,,,,,,,,,,,,
27,0,0,13,0,6.7,197,,,,,279,3,0,1.5,7.8,2020-02-29T17:30:00Z,90,18,0,0,0,0,28,0,73740,,0,3,0.0,2,735,1400,665,54,False,0,4,3,,,,,,,,,,,,,,,,,,,,,,,
28,0,0,12,0,7.0,197,,,,,286,1,0,1.6,8.8,2020-03-07T12:30:00Z,90,3,0,0,0,0,29,0,74665,,1,2,0.0,2,610,1421,811,54,True,0,5,2,,,,,,,,,,,,,,,,,,,,,,,
29,0,0,17,1,3.8,197,,,,,294,0,0,2.2,11.4,2020-06-21T18:00:00Z,90,8,0,0,0,0,39,0,75629,,0,0,7.0,3,310,1955,1645,54,False,0,4,4,,,,,,,,,,,,,,,,,,,,,,,
30,1,3,50,1,21.0,197,,,,,304,0,1,10.0,66.8,2020-06-24T19:15:00Z,90,7,0,0,0,0,40,0,76094,,0,4,12.0,14,73,830,757,54,True,0,5,3,,,,,,,,,,,,,,,,,,,,,,,
31,0,0,16,0,2.7,197,,,,,317,4,0,2.1,16.4,2020-07-02T19:15:00Z,90,11,0,0,0,0,41,0,88901,,0,4,2.0,2,10694,11939,1245,54,False,0,4,4,,,,,,,,,,,,,,,,,,,,,,,
32,0,0,12,1,2.8,197,,,,,324,0,0,0.6,3.2,2020-07-05T15:30:00Z,60,2,0,0,0,0,42,0,93565,,0,2,0.0,3,4130,7977,3847,54,True,0,5,2,,,,,,,,,,,,,,,,,,,,,,,
33,0,0,0,0,10.8,197,,,,,334,0,0,1.4,3.4,2020-07-08T19:15:00Z,29,4,0,0,0,0,43,0,93105,,3,1,0.0,0,-537,2875,3412,54,False,1,4,2,,,,,,,,,,,,,,,,,,,,,,,
34,1,1,24,0,14.9,197,,,,,344,1,0,5.6,30.6,2020-07-11T14:00:00Z,90,5,0,0,0,0,44,0,91604,,1,1,10.0,6,-1755,3198,4953,54,True,0,5,3,,,,,,,,,,,,,,,,,,,,,,,
35,0,0,14,0,4.1,197,,,,,351,2,0,1.6,12.2,2020-07-15T19:15:00Z,90,1,0,0,0,0,45,0,94414,,1,2,0.0,2,2247,4674,2427,54,False,0,4,4,,,,,,,,,,,,,,,,,,,,,,,
36,0,0,6,0,2.5,197,,,,,364,3,0,1.6,13.6,2020-07-22T19:15:00Z,90,6,0,0,0,0,46,0,95347,,3,5,0.0,2,725,3052,2327,54,True,0,5,4,,,,,,,,,,,,,,,,,,,,,,,
37,0,0,0,0,0.0,197,,,,,378,0,0,0.0,0.0,2020-07-26T15:00:00Z,0,13,0,0,0,0,47,0,94579,,3,1,0.0,0,-612,2788,3400,54,False,0,4,2,,,,,,,,,,,,,,,,,,,,,,,
0,1,0,13,0,1.0,253,,,,,3,1,0,0.7,4.2,2020-09-12T16:30:00Z,32,10,0,0,0,0,1,0,76886,,3,4,2.0,4,0,0,0,55,True,0,3,3,,,,,,,,,,,,,,,,,,,,,,,
1,0,0,21,1,1.1,253,,,,,11,0,0,2.3,21.4,2020-09-20T15:30:00Z,90,5,0,0,0,0,2,0,97248,,2,0,0.0,3,-5274,11366,16640,55,False,0,4,4,,,,,,,,,,,,,,,,,,,,,,,
2,0,0,18,0,15.3,253,,,,,23,1,0,3.2,16.6,2020-09-28T19:00:00Z,90,1,0,0,0,0,3,0,101976,,1,3,0.0,2,-5113,13226,18339,55,True,0,3,3,,,,,,,,,,,,,,,,,,,,,,,
3,0,0,12,0,13.3,253,,,,,30,7,0,3.3,19.2,2020-10-04T18:15:00Z,90,2,0,0,0,0,4,0,113304,,2,7,0.0,2,4503,17540,13037,55,False,0,4,3,,,,,,,,,,,,,,,,,,,,,,,
4,0,0,9,0,1.9,253,,,,,41,2,0,1.9,13.6,2020-10-17T11:30:00Z,90,7,0,0,0,0,5,0,107480,,2,2,3.0,1,-10195,7735,17930,55,False,1,4,3,,,,,,,,,,,,,,,,,,,,,,,
5,0,0,12,0,0.9,253,,,,,54,1,0,2.0,14.8,2020-10-24T19:00:00Z,90,15,0,0,0,0,6,0,111214,,1,2,4.0,2,-640,10448,11088,55,True,0,3,2,,,,,,,,,,,,,,,,,,,,,,,
6,0,0,0,0,0.0,253,,,,,63,0,0,0.0,0.0,2020-10-31T17:30:00Z,0,19,0,0,0,0,7,0,96669,,1,2,0.0,0,-15582,5467,21049,55,True,0,3,4,,,,,,,,,,,,,,,,,,,,,,,
7,0,0,0,0,0.0,253,,,,,75,0,0,0.0,0.0,2020-11-08T16:30:00Z,0,12,0,0,0,0,8,0,74391,,1,1,0.0,0,-22355,169,22524,54,False,0,4,5,,,,,,,,,,,,,,,,,,,,,,,
8,0,0,16,1,0.6,253,,,,,83,0,0,2.2,21.6,2020-11-22T19:15:00Z,90,9,0,0,0,0,9,0,65006,,0,3,0.0,3,-9907,199,10106,54,True,0,3,4,,,,,,,,,,,,,,,,,,,,,,,
9,0,0,17,0,10.1,253,,,,,90,1,0,2.6,15.6,2020-11-28T12:30:00Z,90,3,0,0,0,0,10,0,68979,,1,1,0.0,2,2621,4463,1842,54,False,0,4,3,,,,,,,,,,,,,,,,,,,,,,,
10,0,0,15,1,0.2,253,,,,,103,0,0,1.8,17.4,2020-12-06T19:15:00Z,90,20,0,0,0,0,11,0,70562,,0,4,0.0,3,905,3563,2658,54,True,0,3,2,,,,,,,,,,,,,,,,,,,,,,,
11,0,2,25,0,1.8,253,,,,,112,1,0,3.0,28.6,2020-12-13T16:30:00Z,90,8,0,0,0,0,12,0,73000,,1,1,0.0,4,1676,4318,2642,54,False,0,4,2,,,,,,,,,,,,,,,,,,,,,,,
12,0,0,23,0,1.9,253,,,,,127,1,0,2.3,21.2,2020-12-16T20:00:00Z,90,17,0,0,0,0,13,0,75198,,1,2,0.0,2,1731,3773,2042,54,True,0,3,3,,,,,,,,,,,,,,,,,,,,,,,
13,0,0,20,1,0.8,253,,,,,132,0,0,2.9,28.2,2020-12-19T12:30:00Z,90,6,0,0,0,0,14,0,77333,,7,0,0.0,3,1559,3996,2437,54,False,0,4,3,,,,,,,,,,,,,,,,,,,,,,,
14,0,0,14,0,4.5,253,,,,,144,1,0,1.9,13.2,2020-12-27T16:30:00Z,90,18,0,0,0,0,15,0,80307,,1,1,1.0,2,1897,6163,4266,54,True,0,3,2,,,,,,,,,,,,,,,,,,,,,,,
15,0,0,14,1,1.8,253,,,,,155,0,0,2.6,24.0,2020-12-30T20:00:00Z,90,14,0,0,0,0,16,0,80450,,0,0,0.0,2,-152,2269,2421,54,False,1,4,2,,,,,,,,,,,,,,,,,,,,,,,
16,0,0,12,0,2.4,253,,,,,166,1,0,2.0,17.2,2021-01-04T20:00:00Z,90,16,0,0,0,0,17,0,79897,,0,1,0.0,2,-1041,2393,3434,54,False,0,4,2,,,,,,,,,,,,,,,,,,,,,,,
17,0,0,13,1,0.9,253,,,,,184,0,0,3.0,26.6,2021-01-17T16:30:00Z,90,13,0,0,0,0,19,0,79221,,0,0,2.0,2,463,2411,1948,54,True,1,3,4,,,,,,,,,,,,,,,,,,,,,,,
18,0,0,10,0,2.1,253,,,,,177,1,0,1.2,5.8,2021-01-21T20:00:00Z,90,4,0,0,0,0,19,0,79221,,1,0,4.0,1,463,2411,1948,54,True,1,3,2,,,,,,,,,,,,,,,,,,,,,,,
19,0,0,0,0,0.0,253,,,,,198,0,0,0.0,0.0,2021-01-28T20:00:00Z,0,17,0,0,0,0,20,0,78133,,3,1,0.0,0,-1410,2175,3585,54,False,0,4,4,,,,,,,,,,,,,,,,,,,,,,,
20,0,0,0,0,0.0,253,,,,,208,0,0,0.0,0.0,2021-01-31T16:30:00Z,0,19,0,0,0,0,21,0,73583,,3,1,0.0,0,-4633,378,5011,54,False,0,4,4,,,,,,,,,,,,,,,,,,,,,,,
21,0,0,0,0,0.0,253,,,,,216,0,0,0.0,0.0,2021-02-03T20:15:00Z,0,3,0,0,0,0,22,0,69704,,1,0,0.0,0,-3936,45,3981,54,True,0,3,3,,,,,,,,,,,,,,,,,,,,,,,
22,0,0,6,0,0.5,253,,,,,223,4,0,0.8,7.6,2021-02-07T16:30:00Z,90,12,0,0,0,0,23,0,66658,,4,1,0.0,1,-3091,49,3140,54,True,1,3,4,,,,,,,,,,,,,,,,,,,,,,,
23,0,0,0,0,0.0,253,,,,,234,0,0,0.0,0.0,2021-02-13T12:30:00Z,0,9,0,0,0,0,24,0,65651,,1,3,0.0,0,-1269,407,1676,54,False,0,4,4,,,,,,,,,,,,,,,,,,,,,,,
24,0,0,0,0,0.0,253,,,,,244,0,0,0.0,0.0,2021-02-20T17:30:00Z,0,7,0,0,0,0,25,0,63710,,2,0,0.0,0,-1953,28,1981,54,True,0,3,4,,,,,,,,,,,,,,,,,,,,,,,
25,0,0,0,0,0.0,253,,,,,256,0,0,0.0,0.0,2021-02-28T19:15:00Z,0,15,0,0,0,0,26,0,62448,,2,0,0.0,0,-1289,49,1338,54,False,0,4,2,,,,,,,,,,,,,,,,,,,,,,,
26,0,0,11,0,0.8,253,,,,,283,1,0,1.4,9.6,2021-03-04T20:15:00Z,90,5,0,0,0,0,26,0,62448,,1,0,4.0,2,-1289,49,1338,54,True,0,3,4,,,,,,,,,,,,,,,,,,,,,,,
27,0,0,4,0,1.7,253,,,,,263,0,0,0.9,7.0,2021-03-07T14:00:00Z,14,8,0,0,0,0,27,0,62761,,1,0,0.0,1,125,656,531,54,True,0,3,2,,,,,,,,,,,,,,,,,,,,,,,
28,0,0,11,1,0.9,253,,,,,278,0,0,1.0,8.8,2021-03-15T20:00:00Z,90,20,0,0,0,0,28,0,63650,,1,0,0.0,3,645,1172,527,54,False,0,4,3,,,,,,,,,,,,,,,,,,,,,,,
29,1,0,22,1,5.8,253,,,,,289,0,0,2.0,13.2,2021-04-03T19:00:00Z,90,1,0,0,0,0,30,0,64787,,3,0,1.0,6,333,766,433,54,False,0,4,4,,,,,,,,,,,,,,,,,,,,,,,
30,0,0,16,0,3.8,253,,,,,303,1,0,1.4,10.4,2021-04-10T14:00:00Z,90,2,0,0,0,0,31,0,66943,,1,2,0.0,2,1925,2446,521,54,True,0,3,2,,,,,,,,,,,,,,,,,,,,,,,
31,0,0,13,0,0.8,253,,,,,313,1,0,1.3,8.6,2021-04-19T19:00:00Z,90,10,0,0,0,0,32,0,67684,,1,1,4.0,2,507,1484,977,54,False,0,4,3,,,,,,,,,,,,,,,,,,,,,,,
32,0,0,13,0,1.9,253,,,,,324,1,0,1.9,16.6,2021-04-24T11:30:00Z,90,14,0,0,0,0,33,0,68525,,1,1,0.0,1,655,1326,671,54,True,1,3,2,,,,,,,,,,,,,,,,,,,,,,,
33,0,0,14,1,4.3,253,,,,,344,0,0,3.1,26.8,2021-05-08T19:15:00Z,90,16,0,0,0,0,35,0,69307,,0,2,0.0,3,944,1607,663,54,True,0,3,2,,,,,,,,,,,,,,,,,,,,,,,
34,0,0,14,0,2.6,253,,,,,334,2,0,1.9,16.6,2021-05-13T19:15:00Z,90,13,0,0,0,0,35,0,69307,,4,2,0.0,2,944,1607,663,54,False,0,4,4,,,,,,,,,,,,,,,,,,,,,,,
35,0,0,7,0,16.6,253,,,,,353,1,0,6.4,5.2,2021-05-16T15:30:00Z,90,18,0,0,0,0,36,0,69651,,2,1,42.0,2,273,855,582,54,False,0,4,2,,,,,,,,,,,,,,,,,,,,,,,
36,0,0,13,1,3.7,253,,,,,360,0,0,2.6,13.8,2021-05-19T19:15:00Z,90,4,0,0,0,0,37,0,69993,,3,0,8.0,3,260,863,603,54,False,0,4,2,,,,,,,,,,,,,,,,,,,,,,,
37,0,0,13,1,2.8,253,,,,,374,0,0,1.0,7.0,2021-05-23T15:00:00Z,90,6,0,0,0,0,38,0,70793,,0,2,0.0,3,670,1544,874,54,True,0,3,2,,,,,,,,,,,,,,,,,,,,,,,
0,0,0,4,0,4.6,232,,,,,7,0,0,0.6,1.6,2021-08-14T16:30:00Z,29,15,0,0,0,0,1,0,57480,,3,0,0.0,1,0,0,0,55,False,0,4,2,,,,,,,,,,,,,,,,,,,,,,,
1,0,0,0,0,0.0,232,,,,,15,0,0,0.0,0.0,2021-08-21T11:30:00Z,0,5,0,0,0,0,2,0,61205,,0,2,0.0,0,-8702,6698,15400,55,True,0,5,2,,,,,,,,,,,,,,,,,,,,,,,
2,0,0,13,0,5.1,232,,,,,23,1,0,3.0,9.4,2021-08-28T16:30:00Z,90,6,0,0,0,0,3,0,43825,,1,1,15.0,2,-18328,1048,19376,54,True,0,5,4,,,,,,,,,,,,,,,,,,,,,,,
3,0,0,27,1,4.9,232,,,,,36,0,1,11.1,47.2,2021-09-12T15:30:00Z,90,10,0,0,0,0,4,0,49239,,3,0,59.0,7,159,7738,7579,54,False,1,4,2,,,,,,,,,,,,,,,,,,,,,,,
4,0,0,16,1,2.7,232,,,,,44,0,0,4.4,13.0,2021-09-18T14:00:00Z,90,7,0,0,0,0,5,0,66245,,0,3,28.0,3,11561,17395,5834,54,True,0,5,2,,,,,,,,,,,,,,,,,,,,,,,
5,1,0,27,0,18.0,232,,,,,52,3,0,4.2,24.0,2021-09-25T16:30:00Z,90,3,0,0,0,0,6,0,75447,,3,3,0.0,5,6288,14192,7904,54,False,0,4,2,,,,,,,,,,,,,,,,,,,,,,,
6,0,0,6,0,2.0,232,,,,,66,2,0,3.8,1.8,2021-10-03T15:30:00Z,90,12,0,0,0,0,7,0,78428,,2,2,34.0,1,1021,7496,6475,54,True,1,5,5,,,,,,,,,,,,,,,,,,,,,,,
7,0,0,0,0,0.0,232,,,,,80,0,0,0.0,0.0,2021-10-16T11:30:00Z,0,18,0,0,0,0,8,0,71548,,5,0,0.0,0,-7940,4724,12664,54,False,0,4,2,,,,,,,,,,,,,,,,,,,,,,,
8,0,0,0,0,0.0,232,,,,,88,0,0,0.0,0.0,2021-10-24T15:30:00Z,0,13,0,0,0,0,9,0,70328,,5,0,0.0,0,-2336,3599,5935,54,False,0,4,4,,,,,,,,,,,,,,,,,,,,,,,
9,0,0,0,0,0.0,232,,,,,94,0,0,0.0,0.0,2021-10-30T14:00:00Z,0,4,0,0,0,0,10,0,61928,,2,2,0.0,0,-8732,1969,10701,54,True,0,5,2,,,,,,,,,,,,,,,,,,,,,,,
10,0,0,15,0,9.2,232,,,,,110,3,0,1.7,7.8,2021-11-07T16:30:00Z,79,19,0,0,0,0,11,0,58500,,2,3,0.0,2,-4087,1060,5147,54,False,0,4,3,,,,,,,,,,,,,,,,,,,,,,,
11,0,0,16,1,13.3,232,,,,,114,0,0,2.2,9.0,2021-11-20T17:30:00Z,90,1,0,0,0,0,12,0,60662,,0,4,0.0,2,966,3295,2329,54,True,1,5,4,,,,,,,,,,,,,,,,,,,,,,,
12,0,0,17,1,23.7,232,,,,,128,0,0,5.4,30.2,2021-11-27T15:00:00Z,90,16,0,0,0,0,13,0,61952,,0,4,0.0,3,650,3222,2572,54,True,0,5,2,,,,,,,,,,,,,,,,,,,,,,,
13,0,0,12,0,11.8,232,,,,,132,1,0,2.6,14.4,2021-12-01T20:15:00Z,90,8,0,0,0,0,14,0,61840,,4,1,0.0,2,-400,1726,2126,54,False,0,4,2,,,,,,,,,,,,,,,,,,,,,,,
14,0,0,10,1,9.6,232,,,,,150,0,0,2.1,11.8,2021-12-04T15:00:00Z,90,20,0,0,0,0,15,0,61302,,1,0,0.0,2,-864,1733,2597,54,False,1,4,3,,,,,,,,,,,,,,,,,,,,,,,
15,0,0,17,1,23.5,232,,,,,158,0,0,4.7,23.4,2021-12-11T15:00:00Z,90,2,0,0,0,0,16,0,61101,,0,1,0.0,3,-635,1646,2281,54,True,0,5,2,,,,,,,,,,,,,,,,,,,,,,,
16,0,0,0,0,0.0,232,,,,,169,0,0,0.0,0.0,2021-12-16T20:00:00Z,0,14,0,0,0,0,17,0,60745,,1,3,0.0,0,-649,1043,1692,54,True,0,5,2,,,,,,,,,,,,,,,,,,,,,,,
17,0,0,0,0,0.0,232,,,,,177,0,0,0.0,0.0,2021-12-19T16:30:00Z,0,17,0,0,0,0,18,0,58264,,2,2,0.0,0,-2370,349,2719,54,False,0,4,4,,,,,,,,,,,,,,,,,,,,,,,
18,0,0,20,0,14.1,232,,,,,197,1,0,2.9,14.6,2021-12-28T20:00:00Z,63,9,0,0,0,0,20,0,55931,,0,1,0.0,2,43,652,609,54,False,0,4,3,,,,,,,,,,,,,,,,,,,,,,,
19,0,0,10,0,5.8,232,,,,,203,2,0,1.6,10.4,2022-01-02T16:30:00Z,90,6,0,0,0,0,21,0,56103,,2,2,0.0,2,103,884,781,54,False,0,4,4,,,,,,,,,,,,,,,,,,,,,,,
20,0,2,40,1,45.9,232,,,,,214,0,1,13.9,52.6,2022-01-16T14:00:00Z,90,3,0,0,0,0,22,0,58162,,0,3,40.0,10,1140,2481,1341,54,True,0,5,2,,,,,,,,,,,,,,,,,,,,,,,
21,0,2,30,0,3.6,232,,,,,224,1,1,7.2,40.6,2022-01-23T14:00:00Z,90,7,0,0,0,0,23,0,62432,,3,1,28.0,9,3763,4837,1074,54,False,0,4,2,,,,,,,,,,,,,,,,,,,,,,,
22,0,0,14,1,3.3,232,,,,,237,0,0,2.7,23.6,2022-02-10T19:45:00Z,90,9,0,0,0,0,24,0,76609,,0,2,0.0,3,11323,13851,2528,54,True,0,5,2,,,,,,,,,,,,,,,,,,,,,,,
23,0,2,31,1,3.4,232,,,,,242,0,1,11.3,42.4,2022-02-13T14:00:00Z,90,5,0,0,0,0,25,0,78563,,1,0,67.0,10,2438,6754,4316,54,False,0,4,2,,,,,,,,,,,,,,,,,,,,,,,
24,0,0,0,0,0.0,232,,,,,256,0,0,0.0,0.0,2022-02-19T15:00:00Z,0,15,0,0,0,0,26,0,155042,,1,3,0.0,0,66153,71036,4883,54,True,0,5,2,,,,,,,,,,,,,,,,,,,,,,,
25,0,0,8,1,3.3,232,,,,,184,0,0,1.7,5.8,2022-02-23T19:45:00Z,90,10,0,0,0,0,26,0,155042,,0,6,8.0,3,66153,71036,4883,54,True,0,5,2,,,,,,,,,,,,,,,,,,,,,,,
26,0,0,17,1,14.7,232,,,,,274,0,0,3.1,16.6,2022-03-05T17:30:00Z,90,19,0,0,0,0,28,0,107030,,0,1,0.0,3,-11881,3255,15136,54,True,0,5,3,,,,,,,,,,,,,,,,,,,,,,,
27,0,0,6,1,1.0,232,,,,,283,0,0,0.8,4.6,2022-03-12T12:30:00Z,90,4,0,0,0,0,29,0,109207,,2,0,2.0,2,-94,7688,7782,54,False,1,4,2,,,,,,,,,,,,,,,,,,,,,,,
28,0,0,13,1,3.3,232,,,,,261,0,0,1.5,12.0,2022-03-16T20:15:00Z,90,1,0,0,0,0,29,0,109207,,2,0,0.0,3,-94,7688,7782,54,False,0,4,4,,,,,,,,,,,,,,,,,,,,,,,
29,0,1,27,0,13.2,232,,,,,306,0,1,6.8,37.6,2022-04-02T11:30:00Z,28,18,0,0,0,0,31,0,99132,,0,2,17.0,7,-3076,2079,5155,54,True,0,5,2,,,,,,,,,,,,,,,,,,,,,,,
30,0,0,7,0,1.8,232,,,,,316,2,0,1.3,11.0,2022-04-10T15:30:00Z,90,12,0,0,0,0,32,0,97962,,2,2,0.0,1,-1442,1970,3412,54,False,1,4,5,,,,,,,,,,,,,,,,,,,,,,,
31,0,0,18,1,16.7,232,,,,,294,0,0,3.4,9.2,2022-04-19T19:00:00Z,85,13,0,0,0,0,33,0,94965,,0,4,8.0,3,-2698,1938,4636,54,True,0,5,3,,,,,,,,,,,,,,,,,,,,,,,
32,0,0,11,1,7.5,232,,,,,338,0,0,2.2,11.8,2022-04-24T15:30:00Z,90,8,0,0,0,0,34,0,95273,,0,2,3.0,3,-515,3098,3613,54,True,0,5,2,,,,,,,,,,,,,,,,,,,,,,,
33,0,0,1,0,0.9,232,,,,,345,0,0,0.1,0.0,2022-04-30T11:30:00Z,21,14,0,0,0,0,35,0,95840,,1,0,1.0,1,230,3151,2921,54,False,0,4,3,,,,,,,,,,,,,,,,,,,,,,,
34,0,0,5,0,14.9,232,,,,,358,1,0,3.0,15.0,2022-05-07T18:45:00Z,87,17,0,0,0,0,36,0,96048,,1,1,0.0,1,182,3879,3697,54,True,1,5,3,,,,,,,,,,,,,,,,,,,,,,,
35,0,0,0,0,0.4,232,,,,,321,1,0,0.1,0.4,2022-05-10T19:00:00Z,29,2,0,0,0,0,36,0,96048,,2,1,0.0,1,182,3879,3697,54,False,0,4,2,,,,,,,,,,,,,,,,,,,,,,,
36,0,0,0,0,0.0,232,,,,,366,0,0,0.0,0.0,2022-05-17T18:45:00Z,0,16,0,0,0,0,37,0,84591,,2,1,0.0,0,-10101,410,10511,54,False,0,4,3,,,,,,,,,,,,,,,,,,,,,,,
37,0,0,0,0,0.0,232,,,,,378,0,0,0.0,0.0,2022-05-22T15:00:00Z,0,20,0,0,0,0,38,0,80094,,1,3,0.0,0,-5473,67,5540,54,True,0,5,3,,,,,,,,,,,,,,,,,,,,,,,
0,0,0,12,0,4.3,282,0.01,0.01,0.0,0.46,4,1,0,1.6,9.8,2022-08-06T11:30:00Z,58,9,0,0,0,0,1,0,79661,1.0,2,2,2.0,1,0,0,0,55,False,0,4,2,,,,,,,,,,,,,,,,,,,,,,,
1,0,0,18,0,18.5,282,0.06,0.06,0.0,1.04,16,1,0,4.0,19.8,2022-08-15T19:00:00Z,90,7,0,0,0,0,2,0,94355,1.0,1,1,2.0,2,-5510,10055,15565,55,True,0,4,2,,,,,,,,,,,,,,,,,,,,,,,
2,0,0,4,0,0.7,282,0.0,0.06,0.06,0.43,27,0,0,2.4,5.8,2022-08-22T19:00:00Z,31,14,0,0,0,0,3,0,106741,0.0,1,2,17.0,1,-1155,15814,16969,55,False,0,4,4,,,,,,,,,,,,,,,,,,,,,,,
3,0,0,14,1,16.0,282,0.19,0.19,0.0,0.33,36,0,0,3.1,15.4,2022-08-27T14:00:00Z,90,3,0,0,0,0,4,0,101188,1.0,0,9,0.0,3,-12991,8118,21109,55,True,0,4,2,,,,,,,,,,,,,,,,,,,,,,,
4,0,0,6,0,5.9,282,0.02,0.09,0.07,0.72,48,1,0,1.4,2.6,2022-08-31T19:00:00Z,90,15,0,0,0,0,5,0,102711,1.0,1,2,5.0,2,-4843,8422,13265,54,True,0,4,3,,,,,,,,,,,,,,,,,,,,,,,
5,0,0,10,1,13.6,282,0.02,0.05,0.03,1.72,55,0,0,4.3,12.8,2022-09-03T11:30:00Z,90,8,0,0,0,0,6,0,106385,1.0,0,0,17.0,2,-1878,11151,13029,54,False,1,4,2,,,,,,,,,,,,,,,,,,,,,,,
6,0,0,14,0,2.8,282,0.02,0.02,0.0,1.37,87,3,0,2.0,14.8,2022-10-01T14:00:00Z,90,5,0,0,0,0,9,0,105374,1.0,3,3,2.0,2,-739,5069,5808,54,True,0,4,3,,,,,,,,,,,,,,,,,,,,,,,
7,0,0,1,0,1.2,282,0.0,0.0,0.0,1.21,91,1,0,0.2,0.8,2022-10-09T15:30:00Z,21,1,0,0,0,0,10,0,103266,0.0,2,3,0.0,1,-3700,4465,8165,54,False,0,4,4,,,,,,,,,,,,,,,,,,,,,,,
8,0,0,4,1,1.5,282,0.01,0.01,0.0,0.81,106,0,0,1.0,6.6,2022-10-16T15:30:00Z,72,13,0,0,0,0,11,0,99588,1.0,0,1,2.0,2,-4716,2173,6889,53,True,1,4,5,,,,,,,,,,,,,,,,,,,,,,,
9,0,0,2,0,0.6,282,0.01,0.01,0.0,0.75,118,0,0,0.3,2.2,2022-10-19T18:30:00Z,32,19,0,0,0,0,12,0,100060,0.0,0,1,0.0,1,-148,2662,2810,53,True,0,4,2,,,,,,,,,,,,,,,,,,,,,,,
10,0,0,11,0,6.4,282,0.03,0.03,0.0,1.85,126,1,0,1.2,6.0,2022-10-22T11:30:00Z,90,16,0,0,0,0,13,0,100004,1.0,0,1,0.0,2,-785,2384,3169,53,False,0,4,2,,,,,,,,,,,,,,,,,,,,,,,
11,0,0,11,0,2.3,282,0.01,0.01,0.0,1.62,138,1,0,1.7,14.4,2022-10-29T18:45:00Z,60,11,0,0,0,0,14,0,97623,1.0,2,1,0.0,2,-2961,1738,4699,53,True,0,4,2,,,,,,,,,,,,,,,,,,,,,,,
12,0,0,18,0,24.3,282,0.01,0.01,0.0,1.21,148,1,0,4.6,21.6,2022-11-06T16:30:00Z,90,18,0,0,0,0,15,0,94785,1.0,2,1,0.0,2,-3270,1051,4321,53,False,0,4,4,,,,,,,,,,,,,,,,,,,,,,,
13,0,0,12,0,3.9,282,0.01,0.06,0.05,1.05,154,1,0,1.8,9.8,2022-11-12T15:00:00Z,90,17,0,0,0,0,16,0,93823,1.0,1,3,4.0,2,-1489,1438,2927,53,True,0,4,2,,,,,,,,,,,,,,,,,,,,,,,
14,0,0,13,0,6.8,282,0.02,0.04,0.02,1.3,162,1,0,2.3,15.6,2022-12-26T17:30:00Z,90,2,0,0,0,0,17,0,92863,1.0,3,1,1.0,2,-1877,2809,4686,53,False,0,4,2,,,,,,,,,,,,,,,,,,,,,,,
15,0,0,0,0,0.0,282,0.0,0.0,0.0,0.0,174,0,0,0.0,0.0,2022-12-30T20:00:00Z,0,10,0,0,0,0,18,0,92857,0.0,1,2,0.0,0,-370,1389,1759,53,True,0,4,3,,,,,,,,,,,,,,,,,,,,,,,
16,0,0,16,0,7.8,282,0.03,0.04,0.01,1.97,183,3,0,3.0,15.6,2023-01-02T17:30:00Z,90,4,0,0,0,0,19,0,91672,1.0,1,3,7.0,2,-1350,579,1929,53,False,0,4,3,,,,,,,,,,,,,,,,,,,,,,,
17,0,0,8,0,11.5,282,0.01,0.01,0.0,1.42,193,2,0,1.9,7.4,2023-01-14T15:00:00Z,67,5,0,0,0,0,20,0,90748,1.0,0,3,0.0,2,-1295,868,2163,53,False,0,4,3,,,,,,,,,,,,,,,,,,,,,,,
18,0,0,4,0,4.0,282,0.02,0.07,0.05,0.0,207,0,0,1.2,4.2,2023-01-21T12:30:00Z,8,6,0,0,0,0,21,0,89676,0.0,0,0,4.0,1,-1356,463,1819,53,True,0,4,3,,,,,,,,,,,,,,,,,,,,,,,
19,0,0,0,0,0.0,282,0.0,0.0,0.0,0.0,220,0,0,0.0,0.0,2023-02-04T15:00:00Z,0,20,0,0,0,0,22,0,88078,0.0,0,3,0.0,0,-1874,483,2357,53,False,0,4,2,,,,,,,,,,,,,,,,,,,,,,,
20,0,0,8,1,14.8,282,0.09,0.09,0.0,0.28,227,0,0,2.2,5.6,2023-02-13T20:00:00Z,90,8,0,0,0,0,23,0,85705,1.0,0,2,2.0,3,-2442,64,2506,53,True,0,4,2,,,,,,,,,,,,,,,,,,,,,,,
21,0,0,15,1,12.2,282,0.02,0.02,0.0,2.05,237,0,0,2.9,16.8,2023-02-18T17:30:00Z,90,15,0,0,0,0,24,0,85440,1.0,2,0,0.0,2,-438,597,1035,52,False,1,4,4,,,,,,,,,,,,,,,,,,,,,,,
22,0,0,2,0,0.7,282,0.0,0.0,0.0,0.01,242,0,0,0.6,4.8,2023-02-25T19:45:00Z,19,7,0,0,0,0,25,0,94076,0.0,0,0,0.0,0,7231,8402,1171,52,False,1,4,2,,,,,,,,,,,,,,,,,,,,,,,
23,0,0,12,1,3.4,282,0.11,0.15,0.04,0.93,67,0,0,2.1,9.8,2023-03-01T20:00:00Z,90,20,0,0,0,0,25,0,94076,1.0,0,2,8.0,2,7231,8402,1171,52,True,1,4,2,,,,,,,,,,,,,,,,,,,,,,,
24,0,0,9,1,13.8,282,0.04,0.04,0.0,0.88,256,0,0,1.9,5.2,2023-03-05T16:30:00Z,78,14,0,0,0,0,26,0,89724,1.0,0,7,0.0,2,-3145,392,3537,52,True,1,4,3,,,,,,,,,,,,,,,,,,,,,,,
25,0,0,12,0,1.3,282,0.0,0.02,0.02,0.8,261,1,0,0.6,1.8,2023-03-11T12:30:00Z,64,3,0,0,0,0,27,0,87717,1.0,0,1,3.0,2,-2160,630,2790,52,False,0,4,2,,,,,,,,,,,,,,,,,,,,,,,
26,0,0,6,0,1.9,282,0.01,0.01,0.0,2.96,287,4,0,1.7,14.6,2023-04-01T11:30:00Z,90,13,0,0,0,0,29,0,86453,1.0,1,4,0.0,2,-217,603,820,52,False,0,4,5,,,,,,,,,,,,,,,,,,,,,,,
27,0,0,5,1,13.1,282,0.02,0.14,0.12,2.12,74,0,0,3.3,10.2,2023-04-04T19:00:00Z,90,6,0,0,0,0,29,0,86453,1.0,0,0,10.0,2,-217,603,820,52,False,1,4,4,,,,,,,,,,,,,,,,,,,,,,,
28,0,0,12,0,12.2,282,0.03,0.06,0.03,1.26,296,2,0,2.3,9.2,2023-04-09T15:30:00Z,77,1,0,0,0,0,30,0,86254,1.0,2,2,2.0,1,-335,346,681,52,True,1,4,4,,,,,,,,,,,,,,,,,,,,,,,
29,0,0,12,0,8.4,282,0.02,0.02,0.0,1.34,304,1,0,1.8,9.2,2023-04-17T19:00:00Z,84,11,0,0,0,0,31,0,86395,1.0,6,1,0.0,1,-11,612,623,52,False,1,4,2,,,,,,,,,,,,,,,,,,,,,,,
30,1,0,26,0,12.8,282,0.4,0.48,0.08,0.2,318,1,0,3.9,21.4,2023-04-22T14:00:00Z,59,16,0,0,0,0,32,0,86826,1.0,2,3,5.0,4,322,872,550,52,True,0,4,2,,,,,,,,,,,,,,,,,,,,,,,
31,0,0,20,0,16.7,282,0.1,0.16,0.06,0.78,326,1,0,5.6,29.0,2023-04-26T18:45:00Z,90,19,0,0,0,0,33,0,86804,1.0,2,1,10.0,2,-83,414,497,52,False,0,4,3,,,,,,,,,,,,,,,,,,,,,,,
32,0,0,16,0,16.1,282,0.02,0.02,0.0,1.99,338,3,0,2.6,9.4,2023-04-30T15:30:00Z,90,18,0,0,0,0,34,0,87429,1.0,3,4,0.0,2,496,1066,570,52,True,0,4,3,,,,,,,,,,,,,,,,,,,,,,,
33,0,0,16,1,17.0,282,0.03,0.03,0.0,0.69,276,0,0,2.9,10.0,2023-05-03T19:00:00Z,90,9,0,0,0,0,34,0,87429,1.0,0,1,2.0,3,496,1066,570,52,True,0,4,2,,,,,,,,,,,,,,,,,,,,,,,
34,0,0,10,1,6.3,282,0.33,0.33,0.0,0.19,344,0,0,2.0,14.0,2023-05-06T16:30:00Z,90,4,0,0,0,0,35,0,87282,1.0,0,1,0.0,2,-240,548,788,52,True,1,4,3,,,,,,,,,,,,,,,,,,,,,,,
35,0,0,9,1,6.0,282,0.03,0.09,0.06,0.54,358,0,0,1.9,11.0,2023-05-15T19:00:00Z,90,10,0,0,0,0,36,0,87169,1.0,3,0,2.0,3,-220,540,760,52,False,0,4,3,,,,,,,,,,,,,,,,,,,,,,,
36,0,0,6,0,13.2,282,0.05,0.05,0.0,1.39,364,1,0,2.7,12.0,2023-05-20T14:00:00Z,80,2,0,0,0,0,37,0,87409,1.0,1,1,2.0,1,142,770,628,52,True,1,4,2,,,,,,,,,,,,,,,,,,,,,,,
37,1,0,20,0,0.0,282,0.09,0.09,0.0,1.54,380,3,0,0.0,0.0,2023-05-28T15:30:00Z,56,17,0,0,0,0,38,0,87600,1.0,4,4,0.0,4,114,558,444,52,False,0,4,2,,,,,,,,,,,,,,,,,,,,,,,
