assists,bonus,bps,clean_sheets,goals_conceded,goals_scored,minutes,own_goals,penalties_missed,penalties_saved,red_cards,round,saves,selected,total_points,transfers_in,transfers_out,value,yellow_cards
-0.2049594999824072,-0.23902897633083522,-0.6751228013968354,-0.36803143119091297,-0.5591226733265934,-0.2101071458964301,-0.8889799361230011,-0.04409234367359747,-0.03093264430198045,-0.02564903413472062,-0.045056404050988985,-1.5986527701293651,-0.17074905908919633,-0.3970593931336702,0.0,-0.2793771339338739,-0.28233487615614955,-0.8943905032846818,-0.26015424946097476
-0.2049594999824072,-0.23902897633083522,-0.6751228013968354,-0.36803143119091297,-0.5591226733265934,-0.2101071458964301,-0.8889799361230011,-0.04409234367359747,-0.03093264430198045,-0.02564903413472062,-0.045056404050988985,-1.509052739737895,-0.17074905908919633,-0.3954526314428917,0.0,-0.27658259371188954,-0.28189462046125285,-0.8943905032846818,-0.26015424946097476
-0.2049594999824072,-0.23902897633083522,-0.6751228013968354,-0.36803143119091297,-0.5591226733265934,-0.2101071458964301,-0.8889799361230011,-0.04409234367359747,-0.03093264430198045,-0.02564903413472062,-0.045056404050988985,-1.4194527093464249,-0.17074905908919633,-0.39372747678542425,0.0,-0.2733953072965451,-0.2799981343909287,-0.8943905032846818,-0.26015424946097476
-0.2049594999824072,-0.23902897633083522,-0.6751228013968354,-0.36803143119091297,-0.5591226733265934,-0.2101071458964301,-0.8889799361230011,-0.04409234367359747,-0.03093264430198045,-0.02564903413472062,-0.045056404050988985,-1.3298526789549547,-0.17074905908919633,-0.39227139705224984,0.0,-0.273138511708579,-0.2785588369268434,-0.8943905032846818,-0.26015424946097476
-0.2049594999824072,-0.23902897633083522,-0.6751228013968354,-0.36803143119091297,-0.5591226733265934,-0.2101071458964301,-0.8889799361230011,-0.04409234367359747,-0.03093264430198045,-0.02564903413472062,-0.045056404050988985,-1.2402526485634846,-0.17074905908919633,-0.390987525270623,0.0,-0.2717639000318191,-0.27788152047315623,-0.8943905032846818,-0.26015424946097476
-0.2049594999824072,-0.23902897633083522,-0.6751228013968354,-0.36803143119091297,-0.5591226733265934,-0.2101071458964301,-0.8889799361230011,-0.04409234367359747,-0.03093264430198045,-0.02564903413472062,-0.045056404050988985,-1.1506526181720147,-0.17074905908919633,-0.39073382605628953,0.0,-0.27587262943927726,-0.2786435014835543,-0.8943905032846818,-0.26015424946097476
-0.2049594999824072,-0.23902897633083522,-0.6751228013968354,-0.36803143119091297,-0.5591226733265934,-0.2101071458964301,-0.8889799361230011,-0.04409234367359747,-0.03093264430198045,-0.02564903413472062,-0.045056404050988985,-1.0610525877805446,-0.17074905908919633,-0.3902433409085782,0.0,-0.2738031591127266,-0.2782540445226842,-0.8943905032846818,-0.26015424946097476
-0.2049594999824072,-0.23902897633083522,-0.6751228013968354,-0.36803143119091297,-0.5591226733265934,-0.2101071458964301,-0.8889799361230011,-0.04409234367359747,-0.03093264430198045,-0.02564903413472062,-0.045056404050988985,-0.9714525573890743,-0.17074905908919633,-0.38987278629855177,0.0,-0.27371252537579743,-0.27683167996994107,-0.8943905032846818,-0.26015424946097476
-0.2049594999824072,-0.23902897633083522,-0.6751228013968354,-0.36803143119091297,-0.5591226733265934,-0.2101071458964301,-0.8889799361230011,-0.04409234367359747,-0.03093264430198045,-0.02564903413472062,-0.045056404050988985,-0.8818525269976042,-0.17074905908919633,-0.3896775147820648,0.0,-0.2754949888687388,-0.27828791034536854,-0.8943905032846818,-0.26015424946097476
-0.2049594999824072,-0.23902897633083522,-0.6751228013968354,-0.36803143119091297,-0.5591226733265934,-0.2101071458964301,-0.8889799361230011,-0.04409234367359747,-0.03093264430198045,-0.02564903413472062,-0.045056404050988985,-0.7922524966061342,-0.17074905908919633,-0.389516069827489,0.0,-0.2753288270177019,-0.2781016483206046,-0.8943905032846818,-0.26015424946097476
-0.2049594999824072,-0.23902897633083522,-0.6751228013968354,-0.36803143119091297,-0.5591226733265934,-0.2101071458964301,-0.8889799361230011,-0.04409234367359747,-0.03093264430198045,-0.02564903413472062,-0.045056404050988985,-0.702652466214664,-0.17074905908919633,-0.38921316834128483,0.0,-0.2752835101492373,-0.2789821597103979,-0.8943905032846818,-0.26015424946097476
-0.2049594999824072,-0.23902897633083522,-0.6751228013968354,-0.36803143119091297,-0.5591226733265934,-0.2101071458964301,-0.8889799361230011,-0.04409234367359747,-0.03093264430198045,-0.02564903413472062,-0.045056404050988985,-0.6130524358231939,-0.17074905908919633,-0.3891870296343535,0.0,-0.2765372768434249,-0.278423373636106,-0.8943905032846818,-0.26015424946097476
-0.2049594999824072,-0.23902897633083522,-0.6751228013968354,-0.36803143119091297,-0.5591226733265934,-0.2101071458964301,-0.8889799361230011,-0.04409234367359747,-0.03093264430198045,-0.02564903413472062,-0.045056404050988985,-0.5234524054317238,-0.17074905908919633,-0.389011746540814,0.0,-0.2760085800446711,-0.2782201786999998,-0.8943905032846818,-0.26015424946097476
-0.2049594999824072,-0.23902897633083522,-0.6751228013968354,-0.36803143119091297,-0.5591226733265934,-0.2101071458964301,-0.8889799361230011,-0.04409234367359747,-0.03093264430198045,-0.02564903413472062,-0.045056404050988985,-0.43385237504025365,-0.17074905908919633,-0.3889840702628867,0.0,-0.27668833307164026,-0.2788466964196605,-0.8943905032846818,-0.26015424946097476
-0.2049594999824072,-0.23902897633083522,-0.6751228013968354,-0.36803143119091297,-0.5591226733265934,-0.2101071458964301,-0.8889799361230011,-0.04409234367359747,-0.03093264430198045,-0.02564903413472062,-0.045056404050988985,-0.3442523446487835,-0.17074905908919633,-0.3890717118096565,0.0,-0.27785146602889865,-0.27881283059697615,-0.8943905032846818,-0.26015424946097476
-0.2049594999824072,-0.23902897633083522,-0.6751228013968354,-0.36803143119091297,-0.5591226733265934,-0.2101071458964301,-0.8889799361230011,-0.04409234367359747,-0.03093264430198045,-0.02564903413472062,-0.045056404050988985,-0.25465231425731344,-0.17074905908919633,-0.38901328411180996,0.0,-0.2776550929322187,-0.27991346983421783,-0.8943905032846818,-0.26015424946097476
-0.2049594999824072,-0.23902897633083522,-0.6751228013968354,-0.36803143119091297,-0.5591226733265934,-0.2101071458964301,-0.8889799361230011,-0.04409234367359747,-0.03093264430198045,-0.02564903413472062,-0.045056404050988985,-0.1650522838658433,-0.17074905908919633,-0.3890055962568302,0.0,-0.2778816772745417,-0.2792869521145572,-0.8943905032846818,-0.26015424946097476
-0.2049594999824072,-0.23902897633083522,-0.6751228013968354,-0.36803143119091297,-0.5591226733265934,-0.2101071458964301,-0.8889799361230011,-0.04409234367359747,-0.03093264430198045,-0.02564903413472062,-0.045056404050988985,-0.07545225347437318,-0.17074905908919633,-0.388936405562012,0.0,-0.27807805037122174,-0.2802521280610614,-0.8943905032846818,-0.26015424946097476
-0.2049594999824072,-0.23902897633083522,-0.6751228013968354,-0.36803143119091297,-0.5591226733265934,-0.2101071458964301,-0.8889799361230011,-0.04409234367359747,-0.03093264430198045,-0.02564903413472062,-0.045056404050988985,0.014147776917096936,-0.17074905908919633,-0.3889471685589837,0.0,-0.27833484595918784,-0.28079398122401117,-0.8943905032846818,-0.26015424946097476
-0.2049594999824072,-0.23902897633083522,-0.6751228013968354,-0.36803143119091297,-0.5591226733265934,-0.2101071458964301,-0.8889799361230011,-0.04409234367359747,-0.03093264430198045,-0.02564903413472062,-0.045056404050988985,0.10374780730856706,-0.17074905908919633,-0.3888933535741251,0.0,-0.2779420997658279,-0.2805399875538785,-0.8943905032846818,-0.26015424946097476
-0.2049594999824072,-0.23902897633083522,-0.6751228013968354,-0.36803143119091297,-0.5591226733265934,-0.2101071458964301,-0.8889799361230011,-0.04409234367359747,-0.03093264430198045,-0.02564903413472062,-0.045056404050988985,0.19334783770003716,-0.17074905908919633,-0.3889194922810564,0.0,-0.2775493535724679,-0.2783217761680529,-0.8943905032846818,-0.26015424946097476
-0.2049594999824072,-0.23902897633083522,-0.6751228013968354,-0.36803143119091297,-0.5591226733265934,-0.2101071458964301,-0.8889799361230011,-0.04409234367359747,-0.03093264430198045,-0.02564903413472062,-0.045056404050988985,0.2829478680915073,-0.17074905908919633,-0.38876266003946847,0.0,-0.2777910435376125,-0.2806077191992472,-0.8943905032846818,-0.26015424946097476
-0.2049594999824072,-0.23902897633083522,-0.6751228013968354,-0.36803143119091297,-0.5591226733265934,-0.2101071458964301,-0.8889799361230011,-0.04409234367359747,-0.03093264430198045,-0.02564903413472062,-0.045056404050988985,0.3725478984829774,-0.17074905908919633,-0.38876573518146035,0.0,-0.2786067471699755,-0.28125116983025,-0.8943905032846818,-0.26015424946097476
-0.2049594999824072,-0.23902897633083522,-0.6751228013968354,-0.36803143119091297,-0.5591226733265934,-0.2101071458964301,-0.8889799361230011,-0.04409234367359747,-0.03093264430198045,-0.02564903413472062,-0.045056404050988985,-1.5986527701293651,-0.17074905908919633,-0.3970593931336702,0.0,-0.2793771339338739,-0.28233487615614955,-0.8943905032846818,-0.26015424946097476
-0.2049594999824072,-0.23902897633083522,-0.6751228013968354,-0.36803143119091297,-0.5591226733265934,-0.2101071458964301,-0.8889799361230011,-0.04409234367359747,-0.03093264430198045,-0.02564903413472062,-0.045056404050988985,-1.509052739737895,-0.17074905908919633,-0.3846481200542787,0.0,-0.24218709054724882,-0.2777968559164453,-0.8943905032846818,-0.26015424946097476
-0.2049594999824072,-0.23902897633083522,-0.6751228013968354,-0.36803143119091297,-0.5591226733265934,-0.2101071458964301,-0.8889799361230011,-0.04409234367359747,-0.03093264430198045,-0.02564903413472062,-0.045056404050988985,-1.4194527093464249,-0.17074905908919633,-0.3717817259600829,0.0,-0.20063152216519942,-0.2612534015351356,-0.8943905032846818,-0.26015424946097476
-0.2049594999824072,-0.23902897633083522,-0.6751228013968354,-0.36803143119091297,-0.5591226733265934,-0.2101071458964301,-0.8889799361230011,-0.04409234367359747,-0.03093264430198045,-0.02564903413472062,-0.045056404050988985,-1.3298526789549547,-0.17074905908919633,-0.3333824279069705,0.0,0.052115758884764565,-0.19799204476075158,-0.8943905032846818,-0.26015424946097476
-0.2049594999824072,-0.23902897633083522,-0.6751228013968354,-0.36803143119091297,-0.5591226733265934,-0.2101071458964301,-0.8889799361230011,-0.04409234367359747,-0.03093264430198045,-0.02564903413472062,-0.045056404050988985,-1.2402526485634846,-0.17074905908919633,-0.32588215658867614,0.0,-0.17871326345114863,-0.24040898767291216,-0.8943905032846818,-0.26015424946097476
-0.2049594999824072,-0.23902897633083522,-0.6751228013968354,-0.36803143119091297,-0.5591226733265934,-0.2101071458964301,-0.8889799361230011,-0.04409234367359747,-0.03093264430198045,-0.02564903413472062,-0.045056404050988985,-1.1506526181720147,-0.17074905908919633,-0.32524252705435663,0.0,-0.2483048677899715,-0.24093390792451974,-0.8943905032846818,-0.26015424946097476
-0.2049594999824072,-0.23902897633083522,-0.6751228013968354,-0.36803143119091297,-0.5591226733265934,-0.2101071458964301,-0.8889799361230011,-0.04409234367359747,-0.03093264430198045,-0.02564903413472062,-0.045056404050988985,-1.0610525877805446,-0.17074905908919633,-0.3250810820997808,0.0,-0.2605555278982383,-0.2517201724494883,-0.8943905032846818,-0.26015424946097476
-0.2049594999824072,-0.23902897633083522,-0.6751228013968354,-0.36803143119091297,-0.5591226733265934,-0.2101071458964301,-0.8889799361230011,-0.04409234367359747,-0.03093264430198045,-0.02564903413472062,-0.045056404050988985,-0.9714525573890743,-0.17074905908919633,-0.324996515695003,0.0,-0.2613561259077798,-0.2518217699175414,-0.8943905032846818,-0.26015424946097476
-0.2049594999824072,-0.23902897633083522,-0.6751228013968354,-0.36803143119091297,-0.5591226733265934,-0.2101071458964301,-0.8889799361230011,-0.04409234367359747,-0.03093264430198045,-0.02564903413472062,-0.045056404050988985,-0.8818525269976042,-0.17074905908919633,-0.32415085164722485,0.0,-0.26338027936586583,-0.2620831141909024,-0.8943905032846818,-0.26015424946097476
-0.2049594999824072,-0.23902897633083522,-0.6751228013968354,-0.36803143119091297,-0.5591226733265934,-0.2101071458964301,-0.8889799361230011,-0.04409234367359747,-0.03093264430198045,-0.02564903413472062,-0.045056404050988985,-0.7922524966061342,-0.17074905908919633,-0.32146625268827816,0.0,-0.23788198804311067,-0.25397224965799825,-0.8943905032846818,-0.26015424946097476
-0.2049594999824072,-0.23902897633083522,-0.6751228013968354,-0.36803143119091297,-0.5591226733265934,-0.2101071458964301,-0.8889799361230011,-0.04409234367359747,-0.03093264430198045,-0.02564903413472062,-0.045056404050988985,-0.702652466214664,-0.17074905908919633,-0.3244968051213159,0.0,-0.2706914008114899,-0.23578630287649704,-0.8943905032846818,-0.26015424946097476
-0.2049594999824072,-0.23902897633083522,-0.6751228013968354,-0.36803143119091297,-0.5591226733265934,-0.2101071458964301,-0.8889799361230011,-0.04409234367359747,-0.03093264430198045,-0.02564903413472062,-0.045056404050988985,-0.6130524358231939,-0.17074905908919633,-0.32518871206949806,0.0,-0.26857661361647467,-0.2533626648496798,-0.8943905032846818,-0.26015424946097476
-0.2049594999824072,-0.23902897633083522,-0.6751228013968354,-0.36803143119091297,-0.5591226733265934,-0.2101071458964301,-0.8889799361230011,-0.04409234367359747,-0.03093264430198045,-0.02564903413472062,-0.045056404050988985,-0.5234524054317238,-0.17074905908919633,-0.32616353208093685,0.0,-0.2734708354106528,-0.26294669266935355,-0.8943905032846818,-0.26015424946097476
-0.2049594999824072,-0.23902897633083522,-0.6751228013968354,-0.36803143119091297,-0.5591226733265934,-0.2101071458964301,-0.8889799361230011,-0.04409234367359747,-0.03093264430198045,-0.02564903413472062,-0.045056404050988985,-0.43385237504025365,-0.17074905908919633,-0.326546387258931,0.0,-0.27529861577205883,-0.27093902682286247,-0.8943905032846818,-0.26015424946097476
-0.2049594999824072,-0.23902897633083522,-0.6751228013968354,-0.36803143119091297,-0.5591226733265934,-0.2101071458964301,-0.8889799361230011,-0.04409234367359747,-0.03093264430198045,-0.02564903413472062,-0.045056404050988985,-0.3442523446487835,-0.17074905908919633,-0.3267508842013937,0.0,-0.2721415406023575,-0.26961825973817244,-0.8943905032846818,-0.26015424946097476
-0.2049594999824072,-0.23902897633083522,-0.6751228013968354,-0.36803143119091297,-0.5591226733265934,-0.2101071458964301,-0.8889799361230011,-0.04409234367359747,-0.03093264430198045,-0.02564903413472062,-0.045056404050988985,-0.25465231425731344,-0.17074905908919633,-0.32680316161525635,0.0,-0.26967932408244694,-0.2663840736718161,-0.8943905032846818,-0.26015424946097476
-0.2049594999824072,-0.23902897633083522,-0.6751228013968354,-0.36803143119091297,-0.5591226733265934,-0.2101071458964301,-0.8889799361230011,-0.04409234367359747,-0.03093264430198045,-0.02564903413472062,-0.045056404050988985,-0.1650522838658433,-0.17074905908919633,-0.3276226869561032,0.0,-0.2732593566911513,-0.2656390255727602,-0.8943905032846818,-0.26015424946097476
-0.2049594999824072,-0.23902897633083522,-0.6751228013968354,-0.36803143119091297,-0.5591226733265934,-0.2101071458964301,-0.8889799361230011,-0.04409234367359747,-0.03093264430198045,-0.02564903413472062,-0.045056404050988985,-0.07545225347437318,-0.17074905908919633,-0.3272859589079879,0.0,-0.26354644121690274,-0.25664764965006265,-0.8943905032846818,-0.26015424946097476
-0.2049594999824072,-0.23902897633083522,-0.6751228013968354,-0.36803143119091297,-0.5591226733265934,-0.2101071458964301,-0.8889799361230011,-0.04409234367359747,-0.03093264430198045,-0.02564903413472062,-0.045056404050988985,0.014147776917096936,-0.17074905908919633,-0.3315219670018585,0.0,-0.2730327723488282,-0.25464956611168543,-0.8943905032846818,-0.26015424946097476
-0.2049594999824072,-0.23902897633083522,-0.6751228013968354,-0.36803143119091297,-0.5591226733265934,-0.2101071458964301,-0.8889799361230011,-0.04409234367359747,-0.03093264430198045,-0.02564903413472062,-0.045056404050988985,0.19334783770003716,-0.17074905908919633,-0.3317772037871879,0.0,-0.27067629518866837,-0.2606607496381593,-0.8943905032846818,-0.26015424946097476
-0.2049594999824072,-0.23902897633083522,-0.6751228013968354,-0.36803143119091297,-0.5591226733265934,-0.2101071458964301,-0.8889799361230011,-0.04409234367359747,-0.03093264430198045,-0.02564903413472062,-0.045056404050988985,0.3725478984829774,-0.17074905908919633,-0.3351506345523248,0.0,-0.27691491741396335,-0.26658726860792226,-0.8943905032846818,-0.26015424946097476
-0.2049594999824072,-0.23902897633083522,-0.6751228013968354,-0.36803143119091297,-0.5591226733265934,-0.2101071458964301,-0.8889799361230011,-0.04409234367359747,-0.03093264430198045,-0.02564903413472062,-0.045056404050988985,0.4621479288744475,-0.17074905908919633,-0.337078748581259,0.0,-0.2785614303015109,-0.2600850306525252,-0.8943905032846818,-0.26015424946097476
-0.2049594999824072,-0.23902897633083522,-0.6751228013968354,-0.36803143119091297,-0.5591226733265934,-0.2101071458964301,-0.8889799361230011,-0.04409234367359747,-0.03093264430198045,-0.02564903413472062,-0.045056404050988985,0.6413479896573877,-0.17074905908919633,-0.3418113921068248,0.0,-0.2793771339338739,-0.2572572344583811,-0.8943905032846818,-0.26015424946097476
-0.2049594999824072,-0.23902897633083522,-0.6751228013968354,-0.36803143119091297,-0.5591226733265934,-0.2101071458964301,-0.8889799361230011,-0.04409234367359747,-0.03093264430198045,-0.02564903413472062,-0.045056404050988985,0.6413479896573877,-0.17074905908919633,-0.3418113921068248,0.0,-0.2793771339338739,-0.2572572344583811,-0.8943905032846818,-0.26015424946097476
-0.2049594999824072,-0.23902897633083522,-0.6751228013968354,-0.36803143119091297,-0.5591226733265934,-0.2101071458964301,-0.8889799361230011,-0.04409234367359747,-0.03093264430198045,-0.02564903413472062,-0.045056404050988985,0.820548050440328,-0.17074905908919633,-0.3435580727582357,0.0,-0.2793771339338739,-0.2668751281007393,-0.8943905032846818,-0.26015424946097476
-0.2049594999824072,-0.23902897633083522,-0.6751228013968354,-0.36803143119091297,-0.5591226733265934,-0.2101071458964301,-0.8889799361230011,-0.04409234367359747,-0.03093264430198045,-0.02564903413472062,-0.045056404050988985,0.9101480808317981,-0.17074905908919633,-0.3447835168420161,0.0,-0.2793771339338739,-0.26944893062475067,-0.8943905032846818,-0.26015424946097476
-0.2049594999824072,-0.23902897633083522,-0.6751228013968354,-0.36803143119091297,-0.5591226733265934,-0.2101071458964301,-0.8889799361230011,-0.04409234367359747,-0.03093264430198045,-0.02564903413472062,-0.045056404050988985,0.9101480808317981,-0.17074905908919633,-0.3447835168420161,0.0,-0.2793771339338739,-0.26944893062475067,-0.8943905032846818,-0.26015424946097476
-0.2049594999824072,-0.23902897633083522,-0.6751228013968354,-0.36803143119091297,-0.5591226733265934,-0.2101071458964301,-0.8889799361230011,-0.04409234367359747,-0.03093264430198045,-0.02564903413472062,-0.045056404050988985,0.9997481112232682,-0.17074905908919633,-0.34614426717344093,0.0,-0.2793771339338739,-0.2754431812398823,-0.8943905032846818,-0.26015424946097476
-0.2049594999824072,-0.23902897633083522,-0.6751228013968354,-0.36803143119091297,-0.5591226733265934,-0.2101071458964301,-0.8889799361230011,-0.04409234367359747,-0.03093264430198045,-0.02564903413472062,-0.045056404050988985,1.0893481416147384,-0.17074905908919633,-0.34580600155432967,0.0,-0.2793771339338739,-0.27551091288525104,-0.8943905032846818,-0.26015424946097476
-0.2049594999824072,-0.23902897633083522,-0.6751228013968354,-0.36803143119091297,-0.5591226733265934,-0.2101071458964301,-0.8889799361230011,-0.04409234367359747,-0.03093264430198045,-0.02564903413472062,-0.045056404050988985,1.1789481720062085,-0.17074905908919633,-0.34613196660547324,0.0,-0.2793771339338739,-0.2785588369268434,-0.8943905032846818,-0.26015424946097476
-0.2049594999824072,-0.23902897633083522,-0.6751228013968354,-0.36803143119091297,-0.5591226733265934,-0.2101071458964301,-0.8889799361230011,-0.04409234367359747,-0.03093264430198045,-0.02564903413472062,-0.045056404050988985,1.2685482023976786,-0.17074905908919633,-0.346839249263615,0.0,-0.2793771339338739,-0.2759003698461212,-0.8943905032846818,-0.26015424946097476
-0.2049594999824072,-0.23902897633083522,-0.6751228013968354,-0.36803143119091297,-0.5591226733265934,-0.2101071458964301,-0.8889799361230011,-0.04409234367359747,-0.03093264430198045,-0.02564903413472062,-0.045056404050988985,1.2685482023976786,-0.17074905908919633,-0.346839249263615,0.0,-0.2793771339338739,-0.2759003698461212,-0.8943905032846818,-0.26015424946097476
-0.2049594999824072,-0.23902897633083522,-0.6751228013968354,-0.36803143119091297,-0.5591226733265934,-0.2101071458964301,-0.8889799361230011,-0.04409234367359747,-0.03093264430198045,-0.02564903413472062,-0.045056404050988985,1.3581482327891488,-0.17074905908919633,-0.34714522589181107,0.0,-0.2793771339338739,-0.27761059389168136,-0.8943905032846818,-0.26015424946097476
-0.2049594999824072,-0.23902897633083522,-0.6751228013968354,-0.36803143119091297,-0.5591226733265934,-0.2101071458964301,-0.8889799361230011,-0.04409234367359747,-0.03093264430198045,-0.02564903413472062,-0.045056404050988985,1.4477482631806189,-0.17074905908919633,-0.3475480694927527,0.0,-0.2793771339338739,-0.2778476546504719,-0.8943905032846818,-0.26015424946097476
-0.2049594999824072,-0.23902897633083522,-0.6751228013968354,-0.36803143119091297,-0.5591226733265934,-0.2101071458964301,-0.8889799361230011,-0.04409234367359747,-0.03093264430198045,-0.02564903413472062,-0.045056404050988985,1.537348293572089,-0.17074905908919633,-0.3483199301327248,0.0,-0.2793771339338739,-0.27451187111606246,-0.8943905032846818,-0.26015424946097476
-0.2049594999824072,-0.23902897633083522,-0.6751228013968354,-0.36803143119091297,-0.5591226733265934,-0.2101071458964301,-0.8889799361230011,-0.04409234367359747,-0.03093264430198045,-0.02564903413472062,-0.045056404050988985,1.537348293572089,-0.17074905908919633,-0.3483199301327248,0.0,-0.2793771339338739,-0.27451187111606246,-0.8943905032846818,-0.26015424946097476
-0.2049594999824072,-0.23902897633083522,-0.6751228013968354,-0.36803143119091297,-0.5591226733265934,-0.2101071458964301,-0.8889799361230011,-0.04409234367359747,-0.03093264430198045,-0.02564903413472062,-0.045056404050988985,1.6269483239635592,-0.17074905908919633,-0.348699710168727,0.0,-0.2793771339338739,-0.2780677824979202,-0.8943905032846818,-0.26015424946097476
-0.2049594999824072,-0.23902897633083522,-0.6751228013968354,-0.36803143119091297,-0.5591226733265934,-0.2101071458964301,-0.8889799361230011,-0.04409234367359747,-0.03093264430198045,-0.02564903413472062,-0.045056404050988985,1.716548354355029,-0.17074905908919633,-0.34906411449476954,0.0,-0.2793771339338739,-0.27830484325671073,-0.8943905032846818,-0.26015424946097476
-0.2049594999824072,-0.23902897633083522,-0.6751228013968354,-0.36803143119091297,-0.5591226733265934,-0.2101071458964301,-0.8889799361230011,-0.04409234367359747,-0.03093264430198045,-0.02564903413472062,-0.045056404050988985,-0.43385237504025365,-0.17074905908919633,-0.3970593931336702,0.0,-0.2793771339338739,-0.28233487615614955,-0.8943905032846818,-0.26015424946097476
-0.2049594999824072,-0.23902897633083522,-0.6751228013968354,-0.36803143119091297,-0.5591226733265934,-0.2101071458964301,-0.8889799361230011,-0.04409234367359747,-0.03093264430198045,-0.02564903413472062,-0.045056404050988985,-0.3442523446487835,-0.17074905908919633,-0.3966257981128094,0.0,-0.2768998117911418,-0.28182688881588414,-0.8943905032846818,-0.26015424946097476
-0.2049594999824072,-0.23902897633083522,-0.6751228013968354,-0.36803143119091297,-0.5591226733265934,-0.2101071458964301,-0.8889799361230011,-0.04409234367359747,-0.03093264430198045,-0.02564903413472062,-0.045056404050988985,-0.25465231425731344,-0.17074905908919633,-0.3962521683607911,0.0,-0.2759632631762065,-0.28079398122401117,-0.8943905032846818,-0.26015424946097476
-0.2049594999824072,-0.23902897633083522,-0.6751228013968354,-0.36803143119091297,-0.5591226733265934,-0.2101071458964301,-0.8889799361230011,-0.04409234367359747,-0.03093264430198045,-0.02564903413472062,-0.045056404050988985,-0.1650522838658433,-0.17074905908919633,-0.39515280509867945,0.0,-0.2665222489127456,-0.27601890022551645,-0.8943905032846818,-0.26015424946097476
-0.2049594999824072,-0.23902897633083522,-0.6751228013968354,-0.36803143119091297,-0.5591226733265934,-0.2101071458964301,-0.8889799361230011,-0.04409234367359747,-0.03093264430198045,-0.02564903413472062,-0.045056404050988985,-0.07545225347437318,-0.17074905908919633,-0.3949636838661763,0.0,-0.2773378748529664,-0.2803537255291145,-0.8943905032846818,-0.26015424946097476
-0.2049594999824072,-0.23902897633083522,-0.6751228013968354,-0.36803143119091297,-0.5591226733265934,-0.2101071458964301,-0.8889799361230011,-0.04409234367359747,-0.03093264430198045,-0.02564903413472062,-0.045056404050988985,0.014147776917096936,-0.17074905908919633,-0.39492370702028134,0.0,-0.27807805037122174,-0.2800997318589818,-0.8943905032846818,-0.26015424946097476
-0.2049594999824072,-0.23902897633083522,-0.6751228013968354,-0.36803143119091297,-0.5591226733265934,-0.2101071458964301,-0.8889799361230011,-0.04409234367359747,-0.03093264430198045,-0.02564903413472062,-0.045056404050988985,0.10374780730856706,-0.17074905908919633,-0.3946577072379802,0.0,-0.2770055511508926,-0.28004893312495527,-0.8943905032846818,-0.26015424946097476
-0.2049594999824072,-0.23902897633083522,-0.6751228013968354,-0.36803143119091297,-0.5591226733265934,-0.2101071458964301,-0.8889799361230011,-0.04409234367359747,-0.03093264430198045,-0.02564903413472062,-0.045056404050988985,0.19334783770003716,-0.17074905908919633,-0.3946161928210893,0.0,-0.2777155154235048,-0.28006586603629746,-0.8943905032846818,-0.26015424946097476
-0.2049594999824072,-0.23902897633083522,-0.6751228013968354,-0.36803143119091297,-0.5591226733265934,-0.2101071458964301,-0.8889799361230011,-0.04409234367359747,-0.03093264430198045,-0.02564903413472062,-0.045056404050988985,0.2829478680915073,-0.17074905908919633,-0.39449318714141246,0.0,-0.2775040367040033,-0.2792361533805306,-0.8943905032846818,-0.26015424946097476
-0.2049594999824072,-0.23902897633083522,-0.6751228013968354,-0.36803143119091297,-0.5591226733265934,-0.2101071458964301,-0.8889799361230011,-0.04409234367359747,-0.03093264430198045,-0.02564903413472062,-0.045056404050988985,0.3725478984829774,-0.17074905908919633,-0.39450548770938015,0.0,-0.27816868410815093,-0.27979493945482253,-0.8943905032846818,-0.26015424946097476
-0.2049594999824072,-0.23902897633083522,-0.6751228013968354,-0.36803143119091297,-0.5591226733265934,-0.2101071458964301,-0.8889799361230011,-0.04409234367359747,-0.03093264430198045,-0.02564903413472062,-0.045056404050988985,0.3725478984829774,-0.17074905908919633,-0.39450548770938015,0.0,-0.27816868410815093,-0.27979493945482253,-0.8943905032846818,-0.26015424946097476
-0.2049594999824072,-0.23902897633083522,-0.6751228013968354,-0.36803143119091297,-0.5591226733265934,-0.2101071458964301,-0.8889799361230011,-0.04409234367359747,-0.03093264430198045,-0.02564903413472062,-0.045056404050988985,0.4621479288744475,-0.17074905908919633,-0.394394782597671,0.0,-0.2783046347135448,-0.28116650527353915,-0.8943905032846818,-0.26015424946097476
-0.2049594999824072,-0.23902897633083522,-0.6751228013968354,-0.36803143119091297,-0.5591226733265934,-0.2101071458964301,-0.8889799361230011,-0.04409234367359747,-0.03093264430198045,-0.02564903413472062,-0.045056404050988985,0.5517479592659177,-0.17074905908919633,-0.3944532102955175,0.0,-0.2784254796961171,-0.27994733565690216,-0.8943905032846818,-0.26015424946097476
-0.2049594999824072,-0.23902897633083522,-0.6751228013968354,-0.36803143119091297,-0.5591226733265934,-0.2101071458964301,-0.8889799361230011,-0.04409234367359747,-0.03093264430198045,-0.02564903413472062,-0.045056404050988985,0.5517479592659177,-0.17074905908919633,-0.3944532102955175,0.0,-0.2784254796961171,-0.27994733565690216,-0.8943905032846818,-0.26015424946097476
-0.2049594999824072,-0.23902897633083522,-0.6751228013968354,-0.36803143119091297,-0.5591226733265934,-0.2101071458964301,-0.8889799361230011,-0.04409234367359747,-0.03093264430198045,-0.02564903413472062,-0.045056404050988985,0.6413479896573877,-0.17074905908919633,-0.39435480575177606,0.0,-0.2786671696612617,-0.28108184071682824,-0.8943905032846818,-0.26015424946097476
-0.2049594999824072,-0.23902897633083522,-0.6751228013968354,-0.36803143119091297,-0.5591226733265934,-0.2101071458964301,-0.8889799361230011,-0.04409234367359747,-0.03093264430198045,-0.02564903413472062,-0.045056404050988985,0.7309480200488578,-0.17074905908919633,-0.3942917653409417,0.0,-0.27845569094176015,-0.2813189014756187,-0.9739048143845294,-0.26015424946097476
-0.2049594999824072,-0.23902897633083522,-0.6751228013968354,-0.36803143119091297,-0.5591226733265934,-0.2101071458964301,-0.8889799361230011,-0.04409234367359747,-0.03093264430198045,-0.02564903413472062,-0.045056404050988985,0.820548050440328,-0.17074905908919633,-0.3943286670448447,0.0,-0.27896928211769245,-0.2813019685642766,-0.9739048143845294,-0.26015424946097476
-0.2049594999824072,-0.23902897633083522,-0.6751228013968354,-0.36803143119091297,-0.5591226733265934,-0.2101071458964301,-0.8889799361230011,-0.04409234367359747,-0.03093264430198045,-0.02564903413472062,-0.045056404050988985,0.9101480808317981,-0.17074905908919633,-0.39426255149201844,0.0,-0.2785463246786894,-0.28147129767769835,-0.9739048143845294,-0.26015424946097476
-0.2049594999824072,-0.23902897633083522,-0.6751228013968354,-0.36803143119091297,-0.5591226733265934,-0.2101071458964301,-0.8889799361230011,-0.04409234367359747,-0.03093264430198045,-0.02564903413472062,-0.045056404050988985,0.9997481112232682,-0.17074905908919633,-0.39431790404787304,0.0,-0.27901459898615705,-0.2814204989436718,-0.9739048143845294,-0.26015424946097476
-0.2049594999824072,-0.23902897633083522,-0.6751228013968354,-0.36803143119091297,-0.5591226733265934,-0.2101071458964301,-0.8889799361230011,-0.04409234367359747,-0.03093264430198045,-0.02564903413472062,-0.045056404050988985,1.0893481416147384,-0.17074905908919633,-0.39431175376388916,0.0,-0.2789994933633355,-0.2816914255251467,-0.9739048143845294,-0.26015424946097476
-0.2049594999824072,-0.23902897633083522,-0.6751228013968354,-0.36803143119091297,-0.5591226733265934,-0.2101071458964301,-0.8889799361230011,-0.04409234367359747,-0.03093264430198045,-0.02564903413472062,-0.045056404050988985,1.1789481720062085,-0.17074905908919633,-0.39432405433185685,0.0,-0.27905991585462164,-0.2817083584364889,-0.9739048143845294,-0.26015424946097476
-0.2049594999824072,-0.23902897633083522,-0.6751228013968354,-0.36803143119091297,-0.5591226733265934,-0.2101071458964301,-0.8889799361230011,-0.04409234367359747,-0.03093264430198045,-0.02564903413472062,-0.045056404050988985,1.2685482023976786,-0.17074905908919633,-0.39430099076691744,0.0,-0.2789994933633355,-0.28192848628393724,-0.9739048143845294,-0.26015424946097476
-0.2049594999824072,-0.23902897633083522,-0.6751228013968354,-0.36803143119091297,-0.5591226733265934,-0.2101071458964301,-0.8889799361230011,-0.04409234367359747,-0.03093264430198045,-0.02564903413472062,-0.045056404050988985,1.3581482327891488,-0.17074905908919633,-0.39416875966126486,0.0,-0.27862185279279705,-0.28191155337259505,-0.9739048143845294,-0.26015424946097476
-0.2049594999824072,-0.23902897633083522,-0.6751228013968354,-0.36803143119091297,-0.5591226733265934,-0.2101071458964301,-0.8889799361230011,-0.04409234367359747,-0.03093264430198045,-0.02564903413472062,-0.045056404050988985,1.4477482631806189,-0.17074905908919633,-0.3942256497881154,0.0,-0.2789239652492278,-0.28189462046125285,-0.9739048143845294,-0.26015424946097476
-0.2049594999824072,-0.23902897633083522,-0.6751228013968354,-0.36803143119091297,-0.5591226733265934,-0.2101071458964301,-0.8889799361230011,-0.04409234367359747,-0.03093264430198045,-0.02564903413472062,-0.045056404050988985,1.537348293572089,-0.17074905908919633,-0.3941964359391921,0.0,-0.2788786483807632,-0.28180995590454194,-0.9739048143845294,-0.26015424946097476
-0.2049594999824072,-0.23902897633083522,-0.6751228013968354,-0.36803143119091297,-0.5591226733265934,-0.2101071458964301,-0.8889799361230011,-0.04409234367359747,-0.03093264430198045,-0.02564903413472062,-0.045056404050988985,1.6269483239635592,-0.17074905908919633,-0.39408880596947493,0.0,-0.27841037407329555,-0.2818607546385685,-0.9739048143845294,-0.26015424946097476
-0.2049594999824072,-0.23902897633083522,-0.6751228013968354,-0.36803143119091297,-0.5591226733265934,-0.2101071458964301,-0.8889799361230011,-0.04409234367359747,-0.03093264430198045,-0.02564903413472062,-0.045056404050988985,1.716548354355029,-0.17074905908919633,-0.39402115284565264,0.0,-0.27828952909072324,-0.28184382172722633,-0.9739048143845294,-0.26015424946097476
