assists,bonus,bps,clean_sheets,creativity,element,expected_assists,expected_goal_involvements,expected_goals,expected_goals_conceded,fixture,goals_conceded,goals_scored,ict_index,influence,kickoff_time,minutes,opponent_team,own_goals,penalties_missed,penalties_saved,red_cards,round,saves,selected,starts,team_a_score,team_h_score,threat,total_points,transfers_balance,transfers_in,transfers_out,value,was_home,yellow_cards,attempted_passes,big_chances_created,big_chances_missed,clearances_blocks_interceptions,completed_passes,dribbles,ea_index,errors_leading_to_goal,errors_leading_to_goal_attempt,fouls,id,key_passes,kickoff_time_formatted,loaned_in,loaned_out,offside,open_play_crosses,penalties_conceded,recoveries,tackled,tackles,target_missed,winning_goals
0,0,0,0,0.0,381,0.0,0.0,0.0,0.0,10,0,0,0.0,0.0,2023-08-14T19:00:00Z,0,20,0,0,0,0,1,0,12781,0.0,0,1,0.0,0,0,0,0,50,True,0,,,,,,,,,,,,,,,,,,,,,,,
0,0,0,0,0.0,381,0.0,0.0,0.0,0.0,18,0,0,0.0,0.0,2023-08-19T16:30:00Z,0,18,0,0,0,0,2,0,8539,0.0,0,2,0.0,0,-5356,322,5678,50,False,0,,,,,,,,,,,,,,,,,,,,,,,
0,0,0,0,0.0,381,0.0,0.0,0.0,0.0,28,0,0,0.0,0.0,2023-08-26T14:00:00Z,0,16,0,0,0,0,3,0,6223,0.0,2,3,0.0,0,-2575,0,2575,50,True,0,,,,,,,,,,,,,,,,,,,,,,,
0,0,0,0,0.0,381,0.0,0.0,0.0,0.0,31,0,0,0.0,0.0,2023-09-03T15:30:00Z,0,1,0,0,0,0,4,0,5257,0.0,1,3,0.0,0,-1005,0,1005,50,False,0,,,,,,,,,,,,,,,,,,,,,,,
0,0,0,0,0.0,381,0.0,0.0,0.0,0.0,45,0,0,0.0,0.0,2023-09-16T14:00:00Z,0,5,0,0,0,0,5,0,4647,0.0,3,1,0.0,0,-631,0,631,50,True,0,,,,,,,,,,,,,,,,,,,,,,,
0,0,0,0,0.0,381,0.0,0.0,0.0,0.0,54,0,0,0.0,0.0,2023-09-23T19:00:00Z,0,6,0,0,0,0,6,0,4453,0.0,1,0,0.0,0,-215,0,215,50,False,0,,,,,,,,,,,,,,,,,,,,,,,
0,0,0,0,0.0,381,0.0,0.0,0.0,0.0,65,0,0,0.0,0.0,2023-09-30T14:00:00Z,0,8,0,0,0,0,7,0,4250,0.0,1,0,0.0,0,-198,0,198,50,True,0,,,,,,,,,,,,,,,,,,,,,,,
0,0,0,0,0.0,381,0.0,0.0,0.0,0.0,78,0,0,0.0,0.0,2023-10-07T14:00:00Z,0,4,0,0,0,0,8,0,4149,0.0,1,2,0.0,0,-102,0,102,50,True,0,,,,,,,,,,,,,,,,,,,,,,,
0,0,0,0,0.0,381,0.0,0.0,0.0,0.0,89,0,0,0.0,0.0,2023-10-21T19:00:00Z,0,17,0,0,0,0,9,0,4068,0.0,2,1,0.0,0,-85,0,85,50,False,0,,,,,,,,,,,,,,,,,,,,,,,
0,0,0,0,0.0,381,0.0,0.0,0.0,0.0,98,0,0,0.0,0.0,2023-10-29T15:30:00Z,0,13,0,0,0,0,10,0,4012,0.0,3,0,0.0,0,-57,0,57,50,True,0,,,,,,,,,,,,,,,,,,,,,,,
0,0,0,0,0.0,381,0.0,0.0,0.0,0.0,104,0,0,0.0,0.0,2023-11-04T12:30:00Z,0,10,0,0,0,0,11,0,3971,0.0,1,0,0.0,0,-45,0,45,50,False,0,,,,,,,,,,,,,,,,,,,,,,,
0,0,0,0,0.0,381,0.0,0.0,0.0,0.0,118,0,0,0.0,0.0,2023-11-11T15:00:00Z,0,12,0,0,0,0,12,0,3926,0.0,0,1,0.0,0,-44,0,44,50,True,0,,,,,,,,,,,,,,,,,,,,,,,
0,0,0,0,0.0,381,0.0,0.0,0.0,0.0,123,0,0,0.0,0.0,2023-11-26T16:30:00Z,0,9,0,0,0,0,13,0,3888,0.0,3,0,0.0,0,-39,0,39,50,False,0,,,,,,,,,,,,,,,,,,,,,,,
0,0,0,0,0.0,381,0.0,0.0,0.0,0.0,138,0,0,0.0,0.0,2023-12-02T20:00:00Z,0,15,0,0,0,0,14,0,3871,0.0,0,1,0.0,0,-18,0,18,50,False,0,,,,,,,,,,,,,,,,,,,,,,,
0,0,0,0,0.0,381,0.0,0.0,0.0,0.0,150,0,0,0.0,0.0,2023-12-06T20:15:00Z,0,7,0,0,0,0,15,0,3854,0.0,1,2,0.0,0,-17,0,17,50,True,0,,,,,,,,,,,,,,,,,,,,,,,
0,0,0,0,0.0,381,0.0,0.0,0.0,0.0,157,0,0,0.0,0.0,2023-12-09T15:00:00Z,0,3,0,0,0,0,16,0,3834,0.0,3,0,0.0,0,-18,0,18,50,True,0,,,,,,,,,,,,,,,,,,,,,,,
0,0,0,0,0.0,381,0.0,0.0,0.0,0.0,166,0,0,0.0,0.0,2023-12-17T16:30:00Z,0,11,0,0,0,0,17,0,3819,0.0,0,0,0.0,0,-15,0,15,50,False,0,,,,,,,,,,,,,,,,,,,,,,,
0,0,0,0,0.0,381,0.0,0.0,0.0,0.0,179,0,0,0.0,0.0,2023-12-23T12:30:00Z,0,19,0,0,0,0,18,0,3808,0.0,0,2,0.0,0,-13,0,13,50,False,0,,,,,,,,,,,,,,,,,,,,,,,
0,0,0,0,0.0,381,0.0,0.0,0.0,0.0,188,0,0,0.0,0.0,2023-12-26T20:00:00Z,0,2,0,0,0,0,19,0,3798,0.0,2,3,0.0,0,-10,0,10,50,True,0,,,,,,,,,,,,,,,,,,,,,,,
0,0,0,0,0.0,381,0.0,0.0,0.0,0.0,197,0,0,0.0,0.0,2023-12-30T17:30:00Z,0,16,0,0,0,0,20,0,3782,0.0,1,2,0.0,0,-15,0,15,50,False,0,,,,,,,,,,,,,,,,,,,,,,,
0,0,0,0,0.0,381,0.0,0.0,0.0,0.0,208,0,0,0.0,0.0,2024-01-14T16:30:00Z,0,18,0,0,0,0,21,0,3770,0.0,2,2,0.0,0,-11,0,11,50,True,0,,,,,,,,,,,,,,,,,,,,,,,
0,0,0,0,0.0,381,0.0,0.0,0.0,0.0,218,0,0,0.0,0.0,2024-02-01T20:15:00Z,0,20,0,0,0,0,22,0,3757,0.0,4,3,0.0,0,-15,0,15,50,False,0,,,,,,,,,,,,,,,,,,,,,,,
0,0,0,0,0.0,381,0.0,0.0,0.0,0.0,228,0,0,0.0,0.0,2024-02-04T14:00:00Z,0,19,0,0,0,0,23,0,3752,0.0,0,3,0.0,0,-5,0,5,50,True,0,,,,,,,,,,,,,,,,,,,,,,,
0,0,8,1,5.1,304,,,,,6,0,0,1.0,4.6,2018-08-10T19:00:00Z,75,11,0,0,0,0,1,0,232569,,1,2,0.0,2,0,0,0,60,True,1,52.0,0.0,0.0,5.0,48.0,0.0,0.0,0.0,1.0,3.0,304.0,0.0,10 Aug 20:00,0.0,0.0,0.0,0.0,0.0,5.0,2.0,1.0,0.0,0.0
0,0,8,0,3.9,304,,,,,11,3,0,1.2,6.8,2018-08-19T15:00:00Z,90,3,0,0,0,0,2,0,233342,,2,3,1.0,2,-22778,14147,36925,60,False,0,79.0,0.0,0.0,2.0,73.0,1.0,0.0,0.0,0.0,3.0,829.0,0.0,19 Aug 16:00,0.0,0.0,0.0,0.0,0.0,7.0,4.0,0.0,1.0,0.0
0,0,11,0,60.5,304,,,,,26,3,0,9.2,11.2,2018-08-27T19:00:00Z,90,17,0,0,0,0,3,0,180309,,3,0,20.0,2,-56304,4785,61089,59,True,0,50.0,0.0,0.0,2.0,38.0,1.0,0.0,0.0,0.0,1.0,1356.0,4.0,27 Aug 20:00,0.0,0.0,0.0,2.0,0.0,10.0,4.0,0.0,3.0,0.0
0,0,0,0,0.0,304,,,,,32,0,0,0.0,0.0,2018-09-02T15:00:00Z,0,4,0,0,0,0,4,0,159503,,2,0,0.0,0,-26242,7106,33348,59,False,0,0.0,0.0,0.0,0.0,0.0,0.0,0.0,0.0,0.0,0.0,1887.0,0.0,02 Sep 16:00,0.0,0.0,0.0,0.0,0.0,0.0,0.0,0.0,0.0,0.0
0,0,0,0,0.0,304,,,,,49,0,0,0.0,0.0,2018-09-15T16:30:00Z,0,18,0,0,0,0,5,0,136539,,2,1,0.0,0,-25298,3715,29013,58,False,0,0.0,0.0,0.0,0.0,0.0,0.0,0.0,0.0,0.0,0.0,2424.0,0.0,15 Sep 17:30,0.0,0.0,0.0,0.0,0.0,0.0,0.0,0.0,0.0,0.0
0,3,32,0,9.1,304,,,,,59,1,1,8.1,47.0,2018-09-22T14:00:00Z,62,20,0,0,0,0,6,0,116036,,1,1,25.0,10,-21528,1397,22925,57,True,0,68.0,0.0,0.0,3.0,64.0,0.0,0.0,0.0,0.0,1.0,2961.0,0.0,22 Sep 15:00,0.0,0.0,0.0,1.0,0.0,9.0,1.0,0.0,1.0,0.0
0,0,5,0,13.7,304,,,,,69,1,0,2.0,6.2,2018-09-29T11:30:00Z,20,19,0,0,0,0,7,0,126102,,1,3,0.0,1,6887,12111,5224,57,False,0,20.0,0.0,0.0,0.0,17.0,0.0,0.0,0.0,0.0,0.0,3499.0,1.0,29 Sep 12:30,0.0,0.0,0.0,0.0,0.0,3.0,0.0,0.0,0.0,0.0
0,0,0,0,0.0,304,,,,,77,0,0,0.0,0.0,2018-10-06T16:30:00Z,0,15,0,0,0,0,8,0,118599,,2,3,0.0,0,-7451,2799,10250,57,True,0,0.0,0.0,0.0,0.0,0.0,0.0,0.0,0.0,0.0,0.0,4038.0,0.0,06 Oct 17:30,0.0,0.0,0.0,0.0,0.0,0.0,0.0,0.0,0.0,0.0
0,0,0,0,0.0,304,,,,,84,0,0,0.0,0.0,2018-10-20T11:30:00Z,0,6,0,0,0,0,9,0,107019,,2,2,0.0,0,-12150,2036,14186,57,False,0,0.0,0.0,0.0,0.0,0.0,0.0,0.0,0.0,0.0,0.0,4580.0,0.0,20 Oct 12:30,0.0,0.0,0.0,0.0,0.0,0.0,0.0,0.0,0.0,0.0
0,0,15,0,24.5,304,,,,,97,1,0,4.5,9.2,2018-10-28T16:00:00Z,90,8,0,0,0,0,10,0,98778,,1,2,11.0,2,-8705,544,9249,56,True,0,50.0,1.0,0.0,0.0,45.0,0.0,0.0,0.0,0.0,2.0,5126.0,2.0,28 Oct 16:00,0.0,0.0,0.0,0.0,0.0,8.0,1.0,0.0,1.0,0.0
0,0,2,0,1.2,304,,,,,102,1,0,2.1,16.0,2018-11-03T12:30:00Z,55,2,0,0,0,0,11,0,94398,,2,1,4.0,1,-4789,750,5539,56,False,0,32.0,0.0,1.0,4.0,22.0,0.0,0.0,0.0,0.0,3.0,5674.0,0.0,03 Nov 12:30,0.0,0.0,0.0,0.0,0.0,7.0,0.0,1.0,1.0,0.0
0,0,0,0,0.0,304,,,,,118,0,0,0.0,0.0,2018-11-11T16:30:00Z,0,13,0,0,0,0,12,0,90465,,1,3,0.0,0,-4160,389,4549,56,False,0,0.0,0.0,0.0,0.0,0.0,0.0,0.0,0.0,0.0,0.0,6224.0,0.0,11 Nov 16:30,0.0,0.0,0.0,0.0,0.0,0.0,0.0,0.0,0.0,0.0
0,0,0,0,0.0,304,,,,,126,0,0,0.0,0.0,2018-11-24T15:00:00Z,0,7,0,0,0,0,13,0,88106,,0,0,0.0,0,-2717,533,3250,55,True,0,0.0,0.0,0.0,0.0,0.0,0.0,0.0,0.0,0.0,0.0,6776.0,0.0,24 Nov 15:00,0.0,0.0,0.0,0.0,0.0,0.0,0.0,0.0,0.0,0.0
0,0,0,0,0.0,304,,,,,140,0,0,0.0,0.0,2018-12-01T17:30:00Z,0,16,0,0,0,0,14,0,86509,,2,2,0.0,0,-1764,228,1992,55,False,0,0.0,0.0,0.0,0.0,0.0,0.0,0.0,0.0,0.0,0.0,7329.0,0.0,01 Dec 17:30,0.0,0.0,0.0,0.0,0.0,0.0,0.0,0.0,0.0,0.0
0,0,0,0,0.0,304,,,,,145,0,0,0.0,0.0,2018-12-05T20:00:00Z,0,1,0,0,0,0,15,0,84755,,2,2,0.0,0,-1846,159,2005,55,True,0,0.0,0.0,0.0,0.0,0.0,0.0,0.0,0.0,0.0,0.0,7885.0,0.0,05 Dec 20:00,0.0,0.0,0.0,0.0,0.0,0.0,0.0,0.0,0.0,0.0
0,0,3,0,1.2,304,,,,,158,0,0,0.8,3.2,2018-12-08T15:00:00Z,17,9,0,0,0,0,16,0,83208,,1,4,4.0,1,-1639,150,1789,55,True,0,20.0,0.0,0.0,0.0,19.0,0.0,0.0,0.0,0.0,0.0,8443.0,0.0,08 Dec 15:00,0.0,0.0,1.0,0.0,0.0,4.0,0.0,0.0,0.0,0.0
0,0,0,0,0.0,304,,,,,165,0,0,0.0,0.0,2018-12-16T16:00:00Z,0,12,0,0,0,0,17,0,81578,,1,3,0.0,0,-1780,161,1941,55,False,0,0.0,0.0,0.0,0.0,0.0,0.0,0.0,0.0,0.0,0.0,9002.0,0.0,16 Dec 16:00,0.0,0.0,0.0,0.0,0.0,0.0,0.0,0.0,0.0,0.0
0,0,6,0,1.2,304,,,,,173,0,0,0.6,4.8,2018-12-22T17:30:00Z,11,5,0,0,0,0,18,0,80789,,5,1,0.0,1,-994,340,1334,55,False,0,24.0,0.0,0.0,0.0,22.0,1.0,0.0,0.0,0.0,0.0,9564.0,0.0,22 Dec 17:30,0.0,0.0,0.0,0.0,0.0,0.0,0.0,1.0,0.0,0.0
0,0,2,0,4.3,304,,,,,187,0,0,1.2,8.0,2018-12-26T15:00:00Z,53,10,0,0,0,0,19,0,79810,,1,3,0.0,0,-1117,505,1622,55,True,1,48.0,0.0,0.0,1.0,44.0,1.0,0.0,0.0,0.0,1.0,10129.0,0.0,26 Dec 15:00,0.0,0.0,0.0,0.0,0.0,8.0,6.0,0.0,0.0,0.0
0,0,0,0,0.0,304,,,,,197,0,0,0.0,0.0,2018-12-30T16:30:00Z,0,2,0,0,0,0,20,0,78795,,1,4,0.0,0,-1145,466,1611,54,True,0,0.0,0.0,0.0,0.0,0.0,0.0,0.0,0.0,0.0,0.0,10697.0,0.0,30 Dec 16:30,0.0,0.0,0.0,0.0,0.0,0.0,0.0,0.0,0.0,0.0
0,0,0,0,0.0,304,,,,,208,0,0,0.0,0.0,2019-01-02T20:00:00Z,0,15,0,0,0,0,21,0,77798,,2,0,0.0,0,-1101,225,1326,54,False,0,0.0,0.0,0.0,0.0,0.0,0.0,0.0,0.0,0.0,0.0,11265.0,0.0,02 Jan 20:00,0.0,0.0,0.0,0.0,0.0,0.0,0.0,0.0,0.0,0.0
0,0,0,0,0.0,304,,,,,219,0,0,0.0,0.0,2019-01-13T16:30:00Z,0,17,0,0,0,0,22,0,76153,,1,0,0.0,0,-1747,203,1950,54,False,0,0.0,0.0,0.0,0.0,0.0,0.0,0.0,0.0,0.0,0.0,11835.0,0.0,13 Jan 16:30,0.0,0.0,0.0,0.0,0.0,0.0,0.0,0.0,0.0,0.0
0,0,0,0,0.0,304,,,,,226,0,0,0.0,0.0,2019-01-19T15:00:00Z,0,3,0,0,0,0,23,0,74999,,1,2,0.0,0,-1254,133,1387,54,True,0,0.0,0.0,0.0,0.0,0.0,0.0,0.0,0.0,0.0,0.0,12409.0,0.0,19 Jan 15:00,0.0,0.0,0.0,0.0,0.0,0.0,0.0,0.0,0.0,0.0
0,0,0,0,0.0,304,,,,,235,0,0,0.0,0.0,2019-01-29T20:00:00Z,0,4,0,0,0,0,24,0,74029,,2,2,0.0,0,-1041,85,1126,54,True,0,0.0,0.0,0.0,0.0,0.0,0.0,0.0,0.0,0.0,0.0,12988.0,0.0,29 Jan 20:00,0.0,0.0,0.0,0.0,0.0,0.0,0.0,0.0,0.0,0.0
0,0,0,0,0.0,304,,,,,247,0,0,0.0,0.0,2019-02-03T14:05:00Z,0,11,0,0,0,0,25,0,73646,,1,0,0.0,0,-428,36,464,54,False,0,0.0,0.0,0.0,0.0,0.0,0.0,0.0,0.0,0.0,0.0,13617.0,0.0,03 Feb 14:05,0.0,0.0,0.0,0.0,0.0,0.0,0.0,0.0,0.0,0.0
0,0,0,0,0.0,304,,,,,253,0,0,0.0,0.0,2019-02-09T12:30:00Z,0,9,0,0,0,0,26,0,72960,,3,0,0.0,0,-747,90,837,54,False,0,0.0,0.0,0.0,0.0,0.0,0.0,0.0,0.0,0.0,0.0,14225.0,0.0,09 Feb 12:30,0.0,0.0,0.0,0.0,0.0,0.0,0.0,0.0,0.0,0.0
0,0,0,0,0.0,304,,,,,268,0,0,0.0,0.0,2019-02-24T14:05:00Z,0,12,0,0,0,0,27,0,72311,,0,0,0.0,0,-713,85,798,54,True,0,0.0,0.0,0.0,0.0,0.0,0.0,0.0,0.0,0.0,0.0,14734.0,0.0,24 Feb 14:05,0.0,0.0,0.0,0.0,0.0,0.0,0.0,0.0,0.0,0.0
0,0,14,0,27.5,304,,,,,273,1,0,4.1,12.2,2019-02-27T20:00:00Z,89,7,0,0,0,0,28,0,72398,,3,1,1.0,2,8,211,203,54,False,0,58.0,0.0,0.0,1.0,49.0,0.0,0.0,0.0,0.0,1.0,15309.0,2.0,27 Feb 20:00,0.0,0.0,0.0,1.0,0.0,2.0,3.0,3.0,1.0,0.0
1,0,12,0,0.7,304,,,,,286,0,0,0.2,1.4,2019-03-02T15:00:00Z,8,16,0,0,0,0,29,0,72588,,2,3,0.0,4,160,451,291,54,True,0,5.0,0.0,0.0,0.0,4.0,0.0,0.0,0.0,0.0,0.0,15914.0,0.0,02 Mar 15:00,0.0,0.0,0.0,0.0,0.0,0.0,0.0,0.0,0.0,0.0
0,0,14,0,16.8,304,,,,,291,2,0,3.5,8.8,2019-03-10T16:30:00Z,90,1,0,0,0,0,30,0,72694,,0,2,9.0,2,39,466,427,54,False,0,57.0,0.0,0.0,3.0,49.0,1.0,0.0,0.0,0.0,2.0,16520.0,1.0,10 Mar 16:30,0.0,0.0,0.0,0.0,1.0,12.0,1.0,2.0,1.0,0.0
0,0,0,0,0.0,304,,,,,319,0,0,0.0,0.0,2019-03-30T15:00:00Z,0,18,0,0,0,0,32,0,73478,,1,2,0.0,0,443,914,471,54,True,0,0.0,0.0,0.0,0.0,0.0,0.0,0.0,0.0,0.0,0.0,17579.0,0.0,30 Mar 15:00,0.0,0.0,0.0,0.0,0.0,0.0,0.0,0.0,0.0,0.0
1,0,21,0,15.0,304,,,,,330,1,0,4.3,25.6,2019-04-02T18:45:00Z,64,20,0,0,0,0,32,0,73478,,1,2,2.0,5,443,914,471,54,False,0,61.0,0.0,0.0,2.0,57.0,0.0,0.0,1.0,0.0,1.0,17580.0,1.0,02 Apr 19:45,0.0,0.0,0.0,0.0,0.0,7.0,1.0,1.0,1.0,0.0
0,0,10,0,3.6,304,,,,,337,1,0,1.6,3.0,2019-04-13T16:30:00Z,90,19,0,0,0,0,34,0,73088,,1,2,9.0,2,82,451,369,53,True,0,56.0,0.0,0.0,0.0,51.0,1.0,0.0,0.0,1.0,4.0,18755.0,0.0,13 Apr 17:30,0.0,0.0,0.0,0.0,0.0,15.0,2.0,0.0,1.0,0.0
0,0,2,0,1.1,304,,,,,345,2,0,0.1,0.0,2019-04-21T12:30:00Z,45,8,0,0,0,0,35,0,73757,,0,4,0.0,1,475,903,428,53,False,0,23.0,0.0,0.0,0.0,14.0,1.0,0.0,0.0,0.0,2.0,19472.0,0.0,21 Apr 13:30,0.0,0.0,0.0,0.0,0.0,2.0,0.0,0.0,0.0,0.0
0,0,15,0,13.8,304,,,,,306,2,0,2.4,9.6,2019-04-24T19:00:00Z,90,13,0,0,0,0,35,0,73757,,2,0,1.0,2,475,903,428,53,True,0,63.0,0.0,0.0,2.0,47.0,3.0,0.0,0.0,0.0,1.0,19471.0,1.0,24 Apr 20:00,0.0,0.0,0.0,0.0,0.0,6.0,0.0,1.0,1.0,0.0
0,0,0,0,0.0,304,,,,,357,0,0,0.0,0.0,2019-04-28T15:30:00Z,0,6,0,0,0,0,36,0,73613,,1,1,0.0,0,-158,354,512,53,True,0,0.0,0.0,0.0,0.0,0.0,0.0,0.0,0.0,0.0,0.0,20240.0,0.0,28 Apr 16:30,0.0,0.0,0.0,0.0,0.0,0.0,0.0,0.0,0.0,0.0
0,0,0,0,0.0,304,,,,,366,0,0,0.0,0.0,2019-05-05T13:00:00Z,0,10,0,0,0,0,37,0,73603,,1,1,0.0,0,-75,399,474,53,False,0,0.0,0.0,0.0,0.0,0.0,0.0,0.0,0.0,0.0,0.0,20855.0,0.0,05 May 14:00,0.0,0.0,0.0,0.0,0.0,0.0,0.0,0.0,0.0,0.0
0,0,0,0,0.0,304,,,,,377,0,0,0.0,0.0,2019-05-12T14:00:00Z,0,5,0,0,0,0,38,0,73454,,2,0,0.0,0,-174,235,409,53,True,0,0.0,0.0,0.0,0.0,0.0,0.0,0.0,0.0,0.0,0.0,21471.0,0.0,12 May 15:00,0.0,0.0,0.0,0.0,0.0,0.0,0.0,0.0,0.0,0.0
0,0,0,0,0.0,244,,,,,9,0,0,0.0,0.0,2019-08-11T15:30:00Z,0,6,0,0,0,0,1,0,9973,,0,4,0.0,0,0,0,0,55,True,0,,,,,,,,,,,,,,,,,,,,,,,
0,0,0,0,0.0,244,,,,,20,0,0,0.0,0.0,2019-08-19T19:00:00Z,0,20,0,0,0,0,2,0,10797,,1,1,0.0,0,-1768,692,2460,55,False,0,,,,,,,,,,,,,,,,,,,,,,,
0,0,0,0,0.0,244,,,,,25,0,0,0.0,0.0,2019-08-24T14:00:00Z,0,7,0,0,0,0,3,0,9770,,2,1,0.0,0,-1547,268,1815,54,True,0,,,,,,,,,,,,,,,,,,,,,,,
0,0,0,0,0.0,244,,,,,39,0,0,0.0,0.0,2019-08-31T11:30:00Z,0,16,0,0,0,0,4,0,9006,,1,1,0.0,0,-1184,223,1407,54,False,0,,,,,,,,,,,,,,,,,,,,,,,
0,0,7,0,0.4,244,,,,,45,0,0,1.1,8.4,2019-09-14T14:00:00Z,23,9,0,0,0,0,5,0,8796,,0,1,2.0,1,-697,414,1111,53,True,0,,,,,,,,,,,,,,,,,,,,,,,
0,0,6,0,21.3,244,,,,,60,1,0,3.0,7.0,2019-09-22T13:00:00Z,19,19,0,0,0,0,6,0,9061,,0,2,2.0,1,-15,445,460,53,False,0,,,,,,,,,,,,,,,,,,,,,,,
0,0,4,0,10.8,244,,,,,67,0,0,1.7,5.0,2019-09-30T19:00:00Z,16,1,0,0,0,0,7,0,9146,,1,1,1.0,1,-202,452,654,53,True,0,,,,,,,,,,,,,,,,,,,,,,,
0,0,9,0,8.0,244,,,,,76,1,0,2.1,12.2,2019-10-06T15:30:00Z,90,13,0,0,0,0,8,0,9059,,0,1,1.0,1,-250,237,487,53,False,1,,,,,,,,,,,,,,,,,,,,,,,
0,0,4,0,2.2,244,,,,,87,1,0,1.2,1.8,2019-10-20T15:30:00Z,90,10,0,0,0,0,9,0,9020,,1,1,8.0,2,-203,203,406,53,True,0,,,,,,,,,,,,,,,,,,,,,,,
0,0,12,0,2.8,244,,,,,97,1,0,3.9,18.4,2019-10-27T16:30:00Z,90,14,0,0,0,0,10,0,9381,,3,1,18.0,2,174,414,240,53,False,0,,,,,,,,,,,,,,,,,,,,,,,
0,0,16,0,38.5,244,,,,,103,1,0,8.9,26.6,2019-11-02T12:30:00Z,90,3,0,0,0,0,11,0,9981,,0,1,24.0,1,384,789,405,53,False,1,,,,,,,,,,,,,,,,,,,,,,,
0,0,13,0,19.1,244,,,,,115,1,0,3.8,11.2,2019-11-10T14:00:00Z,90,4,0,0,0,0,12,0,10457,,1,3,8.0,2,262,768,506,53,True,0,,,,,,,,,,,,,,,,,,,,,,,
0,0,18,0,6.5,244,,,,,128,3,0,2.4,17.8,2019-11-24T16:30:00Z,90,15,0,0,0,0,13,0,11571,,3,3,0.0,2,759,1446,687,53,False,0,,,,,,,,,,,,,,,,,,,,,,,
0,0,10,0,39.9,244,,,,,135,2,0,8.0,18.6,2019-12-01T16:30:00Z,90,2,0,0,0,0,14,0,11452,,2,2,21.0,1,-225,502,727,53,True,1,,,,,,,,,,,,,,,,,,,,,,,
0,0,13,0,21.5,244,,,,,144,1,0,4.2,19.2,2019-12-04T19:30:00Z,90,17,0,0,0,0,15,0,11288,,1,2,1.0,2,-254,252,506,53,True,0,,,,,,,,,,,,,,,,,,,,,,,
0,0,14,0,22.2,244,,,,,155,1,0,3.8,15.4,2019-12-07T17:30:00Z,90,11,0,0,0,0,16,0,11696,,2,1,0.0,2,243,729,486,53,False,0,,,,,,,,,,,,,,,,,,,,,,,
0,0,15,0,52.0,244,,,,,167,1,0,8.1,19.0,2019-12-15T14:00:00Z,90,8,0,0,0,0,17,0,13923,,1,1,10.0,2,1746,2488,742,53,True,0,,,,,,,,,,,,,,,,,,,,,,,
0,0,22,0,50.3,244,,,,,179,2,0,7.9,28.2,2019-12-22T14:00:00Z,90,18,0,0,0,0,18,0,14774,,0,2,0.0,2,553,1527,974,53,False,0,,,,,,,,,,,,,,,,,,,,,,,
0,0,13,0,47.1,244,,,,,187,1,0,7.2,17.2,2019-12-26T17:30:00Z,90,13,0,0,0,0,19,0,14851,,1,4,8.0,2,-89,890,979,53,True,0,,,,,,,,,,,,,,,,,,,,,,,
0,0,10,1,4.2,244,,,,,193,0,0,3.3,9.8,2019-12-28T19:45:00Z,90,5,0,0,0,0,20,0,15577,,2,0,19.0,2,502,1316,814,53,False,1,,,,,,,,,,,,,,,,,,,,,,,
0,0,16,0,19.3,244,,,,,201,2,0,6.0,18.4,2020-01-01T20:00:00Z,90,1,0,0,0,0,21,0,16034,,0,2,22.0,2,238,1440,1202,53,False,0,,,,,,,,,,,,,,,,,,,,,,,
0,0,10,1,8.5,244,,,,,217,0,0,3.3,21.0,2020-01-11T15:00:00Z,90,14,0,0,0,0,22,0,16421,,0,4,3.0,3,-57,1262,1319,53,True,0,,,,,,,,,,,,,,,,,,,,,,,
0,0,23,0,27.9,244,,,,,224,2,0,6.1,22.4,2020-01-19T16:30:00Z,90,10,0,0,0,0,23,0,16671,,0,2,11.0,2,-28,1237,1265,53,False,0,,,,,,,,,,,,,,,,,,,,,,,
0,0,21,0,28.4,244,,,,,235,2,0,7.4,21.4,2020-01-22T20:15:00Z,90,5,0,0,0,0,24,0,18522,,2,0,24.0,2,1441,2277,836,53,True,0,,,,,,,,,,,,,,,,,,,,,,,
0,0,14,1,32.2,244,,,,,246,0,0,5.6,15.4,2020-02-01T17:30:00Z,90,20,0,0,0,0,25,0,19438,,0,0,8.0,3,593,2187,1594,53,True,0,,,,,,,,,,,,,,,,,,,,,,,
0,0,16,1,13.0,244,,,,,254,0,0,4.9,18.2,2020-02-17T20:00:00Z,90,6,0,0,0,0,26,0,20091,,2,0,18.0,2,343,1494,1151,53,False,1,,,,,,,,,,,,,,,,,,,,,,,
0,0,16,1,23.1,244,,,,,267,0,0,4.3,19.2,2020-02-23T14:00:00Z,78,18,0,0,0,0,27,0,22061,,0,3,1.0,3,1568,2893,1325,53,True,0,,,,,,,,,,,,,,,,,,,,,,,
0,0,9,0,17.5,244,,,,,274,1,0,4.2,12.2,2020-03-01T14:00:00Z,90,8,0,0,0,0,28,0,25402,,1,1,12.0,1,2465,3935,1470,53,False,1,,,,,,,,,,,,,,,,,,,,,,,
0,0,9,1,6.4,244,,,,,287,0,0,1.7,8.8,2020-03-08T16:30:00Z,90,11,0,0,0,0,29,0,26805,,0,2,2.0,2,1751,3783,2032,53,True,1,,,,,,,,,,,,,,,,,,,,,,,
0,0,14,0,3.3,244,,,,,298,1,0,2.8,17.4,2020-06-19T19:15:00Z,62,17,0,0,0,0,39,0,26827,,1,1,7.0,2,-1462,2224,3686,53,False,0,,,,,,,,,,,,,,,,,,,,,,,
0,0,0,0,0.0,244,,,,,305,0,0,0.0,0.0,2020-06-24T17:00:00Z,0,15,0,0,0,0,40,0,26280,,0,3,0.0,0,-815,710,1525,53,True,0,,,,,,,,,,,,,,,,,,,,,,,
0,0,0,0,0.0,244,,,,,314,0,0,0.0,0.0,2020-06-30T19:15:00Z,0,4,0,0,0,0,41,0,25004,,3,0,0.0,0,-1337,260,1597,52,False,0,,,,,,,,,,,,,,,,,,,,,,,
0,0,15,0,13.1,244,,,,,325,0,0,3.8,15.8,2020-07-04T14:00:00Z,23,3,0,0,0,0,42,0,23563,,2,5,9.0,1,-1508,231,1739,52,True,0,,,,,,,,,,,,,,,,,,,,,,,
0,0,7,0,2.8,244,,,,,332,0,0,2.7,4.0,2020-07-09T19:15:00Z,19,2,0,0,0,0,43,0,22727,,3,0,20.0,0,-884,152,1036,51,False,1,,,,,,,,,,,,,,,,,,,,,,,
0,0,2,0,0.4,244,,,,,345,1,0,0.1,0.6,2020-07-13T19:00:00Z,27,16,0,0,0,0,44,0,22115,,2,2,0.0,1,-658,139,797,51,True,0,,,,,,,,,,,,,,,,,,,,,,,
0,0,0,0,0.0,244,,,,,354,0,0,0.0,0.0,2020-07-16T19:15:00Z,0,7,0,0,0,0,45,0,21808,,2,0,0.0,0,-339,90,429,51,False,0,,,,,,,,,,,,,,,,,,,,,,,
0,0,0,0,0.0,244,,,,,365,0,0,0.0,0.0,2020-07-22T17:00:00Z,0,19,0,0,0,0,46,0,21604,,1,1,0.0,0,-252,69,321,51,True,0,,,,,,,,,,,,,,,,,,,,,,,
0,0,0,0,0.0,244,,,,,376,0,0,0.0,0.0,2020-07-26T15:00:00Z,0,9,0,0,0,0,47,0,21327,,2,0,0.0,0,-287,88,375,51,False,0,,,,,,,,,,,,,,,,,,,,,,,
0,0,0,0,0.0,299,,,,,15,0,0,0.0,0.0,2020-09-19T16:30:00Z,0,6,0,0,0,0,2,0,11306,,3,1,0.0,0,-623,935,1558,55,True,0,,,,,,,,,,,,,,,,,,,,,,,
0,0,4,0,0.8,299,,,,,19,1,0,0.3,2.4,2020-09-26T11:30:00Z,25,3,0,0,0,0,3,0,9885,,3,2,0.0,1,-2240,497,2737,54,False,0,,,,,,,,,,,,,,,,,,,,,,,
0,0,6,0,3.1,299,,,,,35,2,0,1.0,6.8,2020-10-04T15:30:00Z,45,17,0,0,0,0,4,0,9571,,6,1,0.0,1,-874,494,1368,54,True,0,,,,,,,,,,,,,,,,,,,,,,,
0,0,15,0,12.8,299,,,,,45,1,0,3.5,12.6,2020-10-17T19:00:00Z,68,14,0,0,0,0,5,0,9023,,4,1,10.0,2,-940,319,1259,54,False,0,,,,,,,,,,,,,,,,,,,,,,,
0,0,9,1,5.2,299,,,,,55,0,0,1.7,11.2,2020-10-24T16:30:00Z,90,5,0,0,0,0,6,0,9369,,0,0,1.0,2,-16,632,648,53,True,1,,,,,,,,,,,,,,,,,,,,,,,
0,0,10,1,1.6,299,,,,,64,0,0,0.5,3.8,2020-11-01T16:30:00Z,61,1,0,0,0,0,7,0,10665,,1,0,0.0,2,753,1450,697,53,True,1,,,,,,,,,,,,,,,,,,,,,,,
0,0,14,0,27.5,299,,,,,73,1,0,4.0,12.0,2020-11-07T12:30:00Z,90,7,0,0,0,0,8,0,11202,,3,1,0.0,1,194,1212,1018,53,False,1,,,,,,,,,,,,,,,,,,,,,,,
0,0,16,1,15.1,299,,,,,84,0,0,4.0,14.4,2020-11-21T20:00:00Z,83,18,0,0,0,0,9,0,12992,,0,1,10.0,3,979,2219,1240,53,True,0,,,,,,,,,,,,,,,,,,,,,,,
0,0,12,0,25.7,299,,,,,96,2,0,5.5,21.2,2020-11-29T14:00:00Z,90,16,0,0,0,0,10,0,13820,,3,2,8.0,2,538,1486,948,53,False,0,,,,,,,,,,,,,,,,,,,,,,,
0,0,0,0,0.0,299,,,,,108,0,0,0.0,0.0,2020-12-05T17:30:00Z,0,19,0,0,0,0,11,0,14392,,3,1,0.0,0,156,1613,1457,53,False,0,,,,,,,,,,,,,,,,,,,,,,,
0,0,17,1,12.3,299,,,,,115,0,0,2.8,15.8,2020-12-12T17:30:00Z,90,12,0,0,0,0,12,0,13881,,0,0,0.0,3,-757,783,1540,53,True,0,,,,,,,,,,,,,,,,,,,,,,,
0,0,0,0,0.0,299,,,,,124,0,0,0.0,0.0,2020-12-17T20:00:00Z,0,15,0,0,0,0,13,0,14992,,3,2,0.0,0,756,1434,678,53,False,0,,,,,,,,,,,,,,,,,,,,,,,
0,0,12,0,13.0,299,,,,,134,2,0,6.5,32.8,2020-12-20T16:30:00Z,90,10,0,0,0,0,14,0,14684,,2,6,19.0,2,-458,650,1108,53,True,0,,,,,,,,,,,,,,,,,,,,,,,
0,0,18,0,11.5,299,,,,,143,2,0,3.2,20.6,2020-12-26T12:30:00Z,90,9,0,0,0,0,15,0,15938,,2,2,0.0,2,660,1880,1220,53,False,0,,,,,,,,,,,,,,,,,,,,,,,
0,0,0,0,0.0,299,,,,,154,0,0,0.0,0.0,2020-12-29T20:00:00Z,0,20,0,0,0,0,16,0,16153,,0,1,0.0,0,-3,834,837,53,True,0,,,,,,,,,,,,,,,,,,,,,,,
0,0,13,0,2.6,299,,,,,164,1,0,1.1,7.6,2021-01-01T20:00:00Z,90,2,0,0,0,0,17,0,15961,,1,2,1.0,2,-408,781,1189,53,True,0,,,,,,,,,,,,,,,,,,,,,,,
0,0,0,0,0.0,299,,,,,379,0,0,0.0,0.0,2021-01-12T20:15:00Z,0,4,0,0,0,0,18,0,17346,,1,0,0.0,0,233,1894,1661,53,False,0,,,,,,,,,,,,,,,,,,,,,,,
0,0,13,1,11.4,299,,,,,184,0,0,3.3,21.2,2021-01-17T16:30:00Z,90,11,0,0,0,0,19,0,16208,,0,0,0.0,3,-530,371,901,53,False,0,,,,,,,,,,,,,,,,,,,,,,,
0,0,18,0,25.3,299,,,,,171,1,0,6.0,14.6,2021-01-20T20:15:00Z,90,8,0,0,0,0,19,0,16208,,2,1,20.0,2,-530,371,901,53,False,0,,,,,,,,,,,,,,,,,,,,,,,
0,0,0,0,0.0,299,,,,,192,0,0,0.0,0.0,2021-01-27T20:15:00Z,0,15,0,0,0,0,20,0,16278,,2,1,0.0,0,-263,873,1136,53,True,0,,,,,,,,,,,,,,,,,,,,,,,
0,0,12,1,6.3,299,,,,,199,0,0,4.4,21.4,2021-01-30T17:30:00Z,90,1,0,0,0,0,21,0,15763,,0,0,16.0,3,-632,212,844,53,False,0,,,,,,,,,,,,,,,,,,,,,,,
0,0,23,1,34.3,299,,,,,213,0,0,6.1,15.2,2021-02-02T20:15:00Z,90,16,0,0,0,0,22,0,15821,,0,9,11.0,3,-114,431,545,53,True,0,,,,,,,,,,,,,,,,,,,,,,,
0,0,7,0,13.4,299,,,,,224,3,0,2.1,4.4,2021-02-06T20:00:00Z,51,7,0,0,0,0,23,0,15596,,3,3,3.0,1,-385,366,751,53,True,0,,,,,,,,,,,,,,,,,,,,,,,
0,0,14,0,7.0,299,,,,,237,1,0,2.8,12.2,2021-02-14T14:00:00Z,78,18,0,0,0,0,24,0,15361,,1,1,9.0,2,-428,448,876,53,False,0,,,,,,,,,,,,,,,,,,,,,,,
0,0,14,0,17.2,299,,,,,245,1,0,4.3,15.8,2021-02-21T19:00:00Z,90,14,0,0,0,0,25,0,15310,,1,3,10.0,2,-224,354,578,53,True,0,,,,,,,,,,,,,,,,,,,,,,,
0,0,6,1,7.2,299,,,,,249,0,0,3.3,18.2,2021-02-28T16:30:00Z,90,5,0,0,0,0,26,0,15812,,0,0,8.0,2,205,808,603,53,False,1,,,,,,,,,,,,,,,,,,,,,,,
0,0,9,1,15.2,299,,,,,281,0,0,3.6,12.8,2021-03-03T20:15:00Z,73,6,0,0,0,0,26,0,15812,,0,0,8.0,3,205,808,603,53,False,0,,,,,,,,,,,,,,,,,,,,,,,
0,0,8,1,11.6,299,,,,,264,0,0,3.1,19.4,2021-03-07T16:30:00Z,90,12,0,0,0,0,27,0,16418,,2,0,0.0,3,402,1033,631,53,False,0,,,,,,,,,,,,,,,,,,,,,,,
0,0,12,1,19.9,299,,,,,275,0,0,3.8,14.0,2021-03-14T19:15:00Z,90,19,0,0,0,0,28,0,16794,,0,1,4.0,3,133,948,815,53,True,0,,,,,,,,,,,,,,,,,,,,,,,
0,0,16,0,15.3,299,,,,,295,1,0,4.5,21.6,2021-04-04T18:30:00Z,90,3,0,0,0,0,30,0,17058,,1,2,8.0,2,51,447,396,53,True,0,,,,,,,,,,,,,,,,,,,,,,,
0,1,32,0,20.6,299,,,,,306,1,1,12.2,54.2,2021-04-11T15:30:00Z,90,17,0,0,0,0,31,0,16995,,3,1,47.0,7,-139,286,425,53,False,1,,,,,,,,,,,,,,,,,,,,,,,
0,0,16,0,13.0,299,,,,,315,0,0,2.3,10.2,2021-04-18T15:00:00Z,45,4,0,0,0,0,32,0,18411,,1,3,0.0,1,1220,1647,427,53,True,0,,,,,,,,,,,,,,,,,,,,,,,
0,0,14,1,16.6,299,,,,,322,0,0,3.4,17.0,2021-04-25T13:00:00Z,88,10,0,0,0,0,33,0,18385,,0,0,0.0,3,-84,543,627,53,False,0,,,,,,,,,,,,,,,,,,,,,,,
0,0,22,0,13.9,299,,,,,340,1,0,4.1,19.6,2021-05-09T13:05:00Z,90,2,0,0,0,0,35,0,22953,,3,1,7.0,2,4495,5048,553,53,False,0,,,,,,,,,,,,,,,,,,,,,,,
0,0,0,0,0.0,299,,,,,352,0,0,0.0,0.0,2021-05-11T17:00:00Z,0,9,0,0,0,0,35,0,22953,,2,1,0.0,0,4495,5048,553,53,True,0,,,,,,,,,,,,,,,,,,,,,,,
0,0,13,0,11.8,299,,,,,334,3,0,2.9,17.0,2021-05-13T19:15:00Z,62,11,0,0,0,0,35,0,22953,,4,2,0.0,2,4495,5048,553,53,True,0,,,,,,,,,,,,,,,,,,,,,,,
0,0,9,0,4.4,299,,,,,364,1,0,1.7,12.6,2021-05-18T17:00:00Z,90,8,0,0,0,0,37,0,20341,,1,1,0.0,2,-552,251,803,53,True,0,,,,,,,,,,,,,,,,,,,,,,,
0,0,0,0,0.0,299,,,,,378,0,0,0.0,0.0,2021-05-23T15:00:00Z,0,20,0,0,0,0,38,0,18938,,2,1,0.0,0,-1360,81,1441,53,False,0,,,,,,,,,,,,,,,,,,,,,,,
0,0,25,0,7.2,274,,,,,6,1,1,6.2,37.8,2021-08-14T11:30:00Z,90,10,0,0,0,0,1,0,13665,,1,5,17.0,7,0,0,0,50,True,0,,,,,,,,,,,,,,,,,,,,,,,
0,0,7,0,24.3,274,,,,,19,1,0,4.0,15.6,2021-08-22T13:00:00Z,75,16,1,0,0,0,2,0,63157,,1,1,0.0,0,23702,31883,8181,50,False,0,,,,,,,,,,,,,,,,,,,,,,,
0,0,9,1,3.0,274,,,,,30,0,0,2.6,14.0,2021-08-29T15:30:00Z,90,20,0,0,0,0,3,0,59052,,1,0,9.0,2,-6386,10612,16998,50,False,1,,,,,,,,,,,,,,,,,,,,,,,
0,0,0,0,0.0,274,,,,,38,0,0,0.0,0.0,2021-09-11T14:00:00Z,0,14,0,0,0,0,4,0,53575,,1,4,0.0,0,-8845,10061,18906,50,True,0,,,,,,,,,,,,,,,,,,,,,,,
0,0,13,0,14.9,274,,,,,49,1,0,3.4,19.2,2021-09-19T13:00:00Z,87,19,0,0,0,0,5,0,44973,,2,1,0.0,2,-9795,2260,12055,50,False,0,,,,,,,,,,,,,,,,,,,,,,,
0,0,6,0,0.8,274,,,,,58,1,0,1.3,10.8,2021-09-25T11:30:00Z,90,2,0,0,0,0,6,0,41938,,1,0,1.0,1,-4279,2236,6515,50,True,1,,,,,,,,,,,,,,,,,,,,,,,
0,0,15,0,19.5,274,,,,,67,1,0,3.2,12.8,2021-10-02T11:30:00Z,69,8,0,0,0,0,7,0,40045,,1,1,0.0,2,-2607,1634,4241,50,True,0,,,,,,,,,,,,,,,,,,,,,,,
0,0,0,0,0.0,274,,,,,75,0,0,0.0,0.0,2021-10-16T14:00:00Z,0,9,0,0,0,0,8,0,36898,,2,4,0.0,0,-3638,1610,5248,49,False,0,,,,,,,,,,,,,,,,,,,,,,,
0,0,8,0,13.4,274,,,,,88,5,0,1.9,6.0,2021-10-24T15:30:00Z,90,11,0,0,0,0,9,0,34706,,5,0,0.0,1,-2493,675,3168,49,True,1,,,,,,,,,,,,,,,,,,,,,,,
0,0,2,1,13.2,274,,,,,98,0,0,4.3,18.6,2021-10-30T16:30:00Z,90,17,0,0,0,0,10,0,34099,,3,0,11.0,2,-1347,1565,2912,49,False,1,,,,,,,,,,,,,,,,,,,,,,,
0,0,13,0,12.7,274,,,,,108,2,0,2.4,11.0,2021-11-06T12:30:00Z,79,12,0,0,0,0,11,0,35593,,2,0,0.0,2,630,2452,1822,49,True,0,,,,,,,,,,,,,,,,,,,,,,,
0,0,0,0,0.0,274,,,,,119,0,0,0.0,0.0,2021-11-20T15:00:00Z,0,18,0,0,0,0,12,0,37069,,1,4,0.0,0,723,3022,2299,49,False,0,,,,,,,,,,,,,,,,,,,,,,,
0,0,18,0,2.8,274,,,,,125,1,0,3.4,20.0,2021-11-28T16:30:00Z,90,6,0,0,0,0,13,0,35282,,1,1,11.0,2,-1908,1041,2949,49,False,0,,,,,,,,,,,,,,,,,,,,,,,
2,1,31,0,23.8,274,,,,,134,2,0,6.2,34.6,2021-12-02T20:15:00Z,90,1,0,0,0,0,14,0,36682,,2,3,4.0,9,1043,2398,1355,49,True,0,,,,,,,,,,,,,,,,,,,,,,,
0,3,31,1,17.9,274,,,,,144,0,1,10.0,57.4,2021-12-05T14:00:00Z,90,7,0,0,0,0,15,0,56756,,0,1,25.0,11,18474,20411,1937,49,True,0,,,,,,,,,,,,,,,,,,,,,,,
0,0,18,1,17.8,274,,,,,160,0,0,5.0,24.2,2021-12-11T17:30:00Z,90,15,0,0,0,0,16,0,171052,,1,0,8.0,3,102708,108726,6018,49,False,0,,,,,,,,,,,,,,,,,,,,,,,
0,0,9,0,21.8,274,,,,,186,1,0,3.7,14.8,2021-12-27T20:00:00Z,45,14,0,0,0,0,19,0,169258,,1,1,0.0,1,18199,30371,12172,50,False,0,,,,,,,,,,,,,,,,,,,,,,,
0,0,3,0,0.0,274,,,,,198,0,0,0.0,0.0,2021-12-30T20:15:00Z,1,5,0,0,0,0,20,0,158914,,1,3,0.0,1,1095,11850,10755,50,True,0,,,,,,,,,,,,,,,,,,,,,,,
0,0,0,0,0.0,274,,,,,208,0,0,0.0,0.0,2022-01-03T17:30:00Z,0,20,0,0,0,0,21,0,135226,,1,0,0.0,0,-17792,7548,25340,50,True,0,,,,,,,,,,,,,,,,,,,,,,,
1,0,22,0,33.5,274,,,,,211,2,0,6.4,30.6,2022-01-15T17:30:00Z,90,2,0,0,0,0,22,0,127977,,2,2,0.0,5,-11825,11924,23749,49,False,0,,,,,,,,,,,,,,,,,,,,,,,
1,0,29,0,30.8,274,,,,,162,1,0,8.4,45.6,2022-01-19T20:00:00Z,90,3,0,0,0,0,22,0,127977,,3,1,8.0,5,-11825,11924,23749,49,False,0,,,,,,,,,,,,,,,,,,,,,,,
0,0,16,1,14.0,274,,,,,228,0,0,4.6,14.6,2022-01-22T15:00:00Z,81,19,0,0,0,0,23,0,125692,,0,1,17.0,3,-3982,6526,10508,49,True,0,,,,,,,,,,,,,,,,,,,,,,,
0,0,0,0,0.0,274,,,,,233,0,0,0.0,0.0,2022-02-08T20:00:00Z,0,5,0,0,0,0,24,0,110243,,1,1,0.0,0,-15647,6668,22315,49,False,0,,,,,,,,,,,,,,,,,,,,,,,
0,0,0,0,0.0,274,,,,,246,0,0,0.0,0.0,2022-02-12T12:30:00Z,0,16,0,0,0,0,25,0,91202,,1,1,0.0,0,-18865,485,19350,49,True,0,,,,,,,,,,,,,,,,,,,,,,,
0,0,12,1,16.6,274,,,,,174,0,0,4.0,13.0,2022-02-15T20:15:00Z,72,4,0,0,0,0,25,0,91202,,0,2,10.0,3,-18865,485,19350,49,True,0,,,,,,,,,,,,,,,,,,,,,,,
0,0,24,0,4.0,274,,,,,255,0,1,5.6,35.4,2022-02-20T14:00:00Z,23,10,0,0,0,0,26,0,84873,,4,2,17.0,6,-6338,1684,8022,49,False,0,,,,,,,,,,,,,,,,,,,,,,,
0,0,14,1,18.8,274,,,,,268,0,0,3.7,16.8,2022-02-26T15:00:00Z,61,18,0,0,0,0,27,0,92550,,0,0,1.0,3,3500,6110,2610,49,True,0,,,,,,,,,,,,,,,,,,,,,,,
0,0,10,0,1.6,274,,,,,275,4,0,6.0,21.6,2022-03-06T16:30:00Z,90,12,0,0,0,0,28,0,86159,,1,4,37.0,2,-3623,2313,5936,49,False,0,,,,,,,,,,,,,,,,,,,,,,,
1,1,29,0,33.3,274,,,,,288,2,0,7.8,44.4,2022-03-12T17:30:00Z,90,17,0,0,0,0,29,0,84787,,2,3,0.0,5,-2236,2815,5051,49,True,1,,,,,,,,,,,,,,,,,,,,,,,
0,3,32,0,29.0,274,,,,,307,1,1,9.4,47.8,2022-04-02T16:30:00Z,90,9,0,0,0,0,31,0,91006,,1,1,17.0,10,4762,7266,2504,49,True,0,,,,,,,,,,,,,,,,,,,,,,,
0,0,3,0,2.3,274,,,,,314,1,0,0.6,2.0,2022-04-09T11:30:00Z,35,8,0,0,0,0,32,0,135242,,0,1,2.0,1,41949,44441,2492,49,False,0,,,,,,,,,,,,,,,,,,,,,,,
0,0,0,0,0.0,274,,,,,324,0,0,0.0,0.0,2022-04-16T14:00:00Z,0,15,0,0,0,0,33,0,106062,,2,3,0.0,0,-25554,6269,31823,49,True,0,,,,,,,,,,,,,,,,,,,,,,,
0,0,0,0,0.0,274,,,,,294,0,0,0.0,0.0,2022-04-19T19:00:00Z,0,11,0,0,0,0,33,0,106062,,0,4,0.0,0,-25554,6269,31823,49,False,0,,,,,,,,,,,,,,,,,,,,,,,
0,0,0,0,0.0,274,,,,,331,0,0,0.0,0.0,2022-04-23T11:30:00Z,0,1,0,0,0,0,34,0,87433,,1,3,0.0,0,-20695,144,20839,49,False,0,,,,,,,,,,,,,,,,,,,,,,,
0,0,0,0,0.0,274,,,,,364,0,0,0.0,0.0,2022-04-28T18:45:00Z,0,6,0,0,0,0,34,0,87433,,1,1,0.0,0,-20695,144,20839,49,True,0,,,,,,,,,,,,,,,,,,,,,,,
0,0,4,0,10.8,274,,,,,344,0,0,1.4,3.2,2022-05-02T19:00:00Z,19,3,0,0,0,0,35,0,81644,,0,3,0.0,1,-6322,130,6452,49,True,0,,,,,,,,,,,,,,,,,,,,,,,
0,0,12,0,2.4,274,,,,,353,3,0,2.0,11.6,2022-05-07T16:30:00Z,45,4,0,0,0,0,36,0,78977,,0,4,6.0,1,-2678,1040,3718,49,False,0,,,,,,,,,,,,,,,,,,,,,,,
0,0,11,0,0.0,274,,,,,376,1,0,0.0,0.0,2022-05-22T15:00:00Z,74,7,0,0,0,0,38,0,77318,,0,1,0.0,2,-267,1181,1448,49,False,0,,,,,,,,,,,,,,,,,,,,,,,
0,0,6,0,3.1,331,0.01,0.04,0.03,1.45,9,2,0,0.5,1.0,2022-08-07T13:00:00Z,52,5,0,0,0,0,1,0,83919,1.0,2,1,1.0,1,0,0,0,55,True,0,,,,,,,,,,,,,,,,,,,,,,,
0,0,10,0,4.2,331,0.03,0.03,0.0,1.32,13,4,0,1.2,3.8,2022-08-13T16:30:00Z,45,4,0,0,0,0,2,0,82724,1.0,0,4,4.0,1,-15682,5771,21453,55,False,0,,,,,,,,,,,,,,,,,,,,,,,
0,0,7,0,0.1,331,0.0,0.0,0.0,0.32,27,1,0,0.7,6.8,2022-08-22T19:00:00Z,19,12,0,0,0,0,3,0,65145,0.0,1,2,0.0,1,-20961,2951,23912,54,True,0,,,,,,,,,,,,,,,,,,,,,,,
0,0,-2,0,0.0,331,0.0,0.0,0.0,0.25,39,0,0,0.0,0.0,2022-08-27T11:30:00Z,1,17,0,0,0,0,4,0,57783,0.0,1,0,0.0,0,-10603,2659,13262,53,False,1,,,,,,,,,,,,,,,,,,,,,,,
0,0,4,0,0.0,331,0.0,0.0,0.0,0.24,46,0,0,0.1,1.0,2022-09-01T19:00:00Z,3,10,0,0,0,0,5,0,51985,0.0,1,0,0.0,1,-7632,1831,9463,53,False,0,,,,,,,,,,,,,,,,,,,,,,,
0,0,7,0,14.9,331,0.03,0.03,0.0,0.23,56,0,0,2.2,4.6,2022-09-04T15:30:00Z,23,1,0,0,0,0,6,0,49461,0.0,1,3,2.0,1,-4234,2504,6738,52,True,0,,,,,,,,,,,,,,,,,,,,,,,
1,0,14,0,20.8,331,0.01,0.11,0.1,0.35,88,1,0,4.7,9.6,2022-10-02T13:00:00Z,20,13,0,0,0,0,9,0,46149,0.0,3,6,17.0,4,-1365,889,2254,52,False,0,,,,,,,,,,,,,,,,,,,,,,,
0,0,0,0,0.0,331,0.0,0.0,0.0,0.0,96,0,0,0.0,0.0,2022-10-09T18:00:00Z,0,8,0,0,0,0,10,0,46110,0.0,2,1,0.0,0,-723,1424,2147,52,False,0,,,,,,,,,,,,,,,,,,,,,,,
0,0,5,1,29.1,331,0.07,0.24,0.17,0.91,107,0,0,7.0,5.6,2022-10-16T13:00:00Z,90,15,0,0,0,0,11,0,45199,1.0,0,0,35.0,3,-1328,770,2098,51,True,0,,,,,,,,,,,,,,,,,,,,,,,
0,2,38,1,44.2,331,0.34,0.69,0.35,0.61,119,0,1,15.9,51.8,2022-10-19T19:15:00Z,90,18,0,0,0,0,12,0,45520,1.0,0,2,63.0,10,-144,793,937,51,True,0,,,,,,,,,,,,,,,,,,,,,,,
0,0,-1,0,11.4,331,0.01,0.05,0.04,0.92,122,1,0,1.6,0.2,2022-10-22T16:30:00Z,38,6,0,0,0,0,13,0,52573,0.0,1,1,4.0,0,6223,7441,1218,51,False,1,,,,,,,,,,,,,,,,,,,,,,,
0,0,-1,0,0.1,331,0.0,0.13,0.13,0.67,139,0,0,0.2,0.0,2022-10-30T16:15:00Z,11,19,0,0,0,0,14,0,51481,0.0,0,1,4.0,1,-1486,2743,4229,51,True,0,,,,,,,,,,,,,,,,,,,,,,,
0,0,0,0,0.0,331,0.0,0.0,0.0,0.0,141,0,0,0.0,0.0,2022-11-06T14:00:00Z,0,2,0,0,0,0,15,0,50066,0.0,1,3,0.0,0,-1811,1480,3291,51,False,0,,,,,,,,,,,,,,,,,,,,,,,
0,0,0,0,0.0,331,0.0,0.0,0.0,0.0,153,0,0,0.0,0.0,2022-11-13T16:30:00Z,0,9,0,0,0,0,16,0,48769,0.0,2,1,0.0,0,-1642,834,2476,51,False,0,,,,,,,,,,,,,,,,,,,,,,,
0,0,23,0,21.3,331,0.06,0.52,0.46,0.13,169,0,1,7.9,39.0,2022-12-27T20:00:00Z,13,16,0,0,0,0,17,0,48078,0.0,0,3,19.0,6,-1387,2217,3604,51,True,0,,,,,,,,,,,,,,,,,,,,,,,
0,0,0,0,5.1,331,0.01,0.01,0.0,0.28,180,0,0,0.9,4.0,2022-12-31T12:30:00Z,29,20,0,0,0,0,18,0,49252,0.0,1,0,0.0,0,779,1675,896,51,False,1,,,,,,,,,,,,,,,,,,,,,,,
0,0,6,0,22.2,331,0.03,0.03,0.0,0.13,189,0,0,2.9,6.8,2023-01-03T20:00:00Z,22,3,0,0,0,0,19,0,48807,0.0,0,3,0.0,1,-601,691,1292,51,True,0,,,,,,,,,,,,,,,,,,,,,,,
0,0,11,0,12.2,331,0.01,0.01,0.0,0.65,196,1,0,2.6,12.0,2023-01-14T12:30:00Z,90,13,0,0,0,0,20,0,48553,1.0,1,2,2.0,1,-548,1073,1621,51,True,1,,,,,,,,,,,,,,,,,,,,,,,
0,0,8,0,0.7,331,0.0,0.0,0.0,0.06,63,1,0,0.6,5.6,2023-01-18T20:00:00Z,7,7,0,0,0,0,20,0,48553,0.0,1,1,0.0,1,-548,1073,1621,51,False,0,,,,,,,,,,,,,,,,,,,,,,,
0,0,1,0,0.2,331,0.0,0.0,0.0,1.3,201,1,0,0.5,4.6,2023-01-22T16:30:00Z,19,1,0,0,0,0,21,0,48820,0.0,2,3,0.0,1,12,1232,1220,51,False,0,,,,,,,,,,,,,,,,,,,,,,,
0,0,12,0,16.0,331,0.03,0.19,0.16,1.37,216,1,0,3.9,9.8,2023-02-04T15:00:00Z,90,7,0,0,0,0,22,0,49781,1.0,1,2,13.0,2,533,2511,1978,51,True,0,,,,,,,,,,,,,,,,,,,,,,,
0,0,7,0,15.0,331,0.03,0.33,0.3,0.61,76,2,0,5.2,12.6,2023-02-08T20:00:00Z,90,11,0,0,0,0,22,0,49781,1.0,2,2,24.0,2,533,2511,1978,51,True,0,,,,,,,,,,,,,,,,,,,,,,,
0,0,14,1,11.8,331,0.06,0.09,0.03,1.83,225,0,0,3.9,23.8,2023-02-12T14:00:00Z,90,11,0,0,0,0,23,0,50030,1.0,2,0,3.0,2,9,1421,1412,51,False,1,,,,,,,,,,,,,,,,,,,,,,,
1,0,26,0,49.9,331,0.29,0.31,0.02,1.14,236,0,0,8.8,33.8,2023-02-19T14:00:00Z,58,10,0,0,0,0,24,0,50377,1.0,0,3,4.0,4,47,1162,1115,51,True,0,,,,,,,,,,,,,,,,,,,,,,,
0,0,6,0,11.3,331,0.01,0.01,0.0,1.67,256,3,0,1.7,5.4,2023-03-05T16:30:00Z,57,12,0,0,0,0,26,0,52482,1.0,0,7,0.0,1,1801,2673,872,51,False,0,,,,,,,,,,,,,,,,,,,,,,,
0,0,5,0,0.1,331,0.0,0.0,0.0,0.03,267,0,0,0.2,2.0,2023-03-12T14:00:00Z,1,17,0,0,0,0,27,0,52665,0.0,0,0,0.0,1,-125,1431,1556,51,True,0,,,,,,,,,,,,,,,,,,,,,,,
0,0,5,0,0.1,331,0.0,0.0,0.0,0.58,288,1,0,0.6,6.2,2023-04-02T15:30:00Z,8,15,0,0,0,0,29,0,54182,0.0,0,2,0.0,1,1442,2271,829,51,False,0,,,,,,,,,,,,,,,,,,,,,,,
0,0,1,0,1.8,331,0.03,0.14,0.11,0.08,247,0,0,0.6,0.0,2023-04-05T19:00:00Z,19,4,0,0,0,0,29,0,54182,0.0,0,1,4.0,1,1442,2271,829,51,True,0,,,,,,,,,,,,,,,,,,,,,,,
0,0,2,0,1.6,331,0.0,0.0,0.0,0.03,297,0,0,0.2,0.8,2023-04-08T11:30:00Z,14,8,0,0,0,0,30,0,53758,0.0,0,2,0.0,1,-564,635,1199,51,True,0,,,,,,,,,,,,,,,,,,,,,,,
0,0,5,0,0.5,331,0.01,0.01,0.0,0.0,306,0,0,0.5,2.8,2023-04-16T15:30:00Z,11,16,0,0,0,0,31,0,53389,0.0,2,0,2.0,1,-535,589,1124,51,False,0,,,,,,,,,,,,,,,,,,,,,,,
0,0,1,0,1.6,331,0.01,0.08,0.07,1.57,325,1,0,0.6,0.4,2023-04-27T19:15:00Z,29,18,0,0,0,0,33,0,52650,0.0,2,2,4.0,1,-233,207,440,51,False,0,,,,,,,,,,,,,,,,,,,,,,,
0,0,-1,0,0.8,331,0.04,0.04,0.0,0.26,339,0,0,0.3,0.6,2023-04-30T13:00:00Z,14,2,0,0,0,0,34,0,52622,0.0,0,1,2.0,0,-141,442,583,51,True,1,,,,,,,,,,,,,,,,,,,,,,,
0,0,9,1,14.2,331,0.18,0.18,0.0,1.16,274,0,0,2.5,6.6,2023-05-04T19:00:00Z,75,5,0,0,0,0,34,0,52622,1.0,0,1,4.0,3,-141,442,583,51,False,0,,,,,,,,,,,,,,,,,,,,,,,
0,0,3,0,0.2,331,0.0,0.0,0.0,0.02,349,0,0,0.1,0.8,2023-05-07T18:00:00Z,2,19,0,0,0,0,35,0,52347,0.0,0,1,0.0,1,-379,367,746,51,False,0,,,,,,,,,,,,,,,,,,,,,,,
0,0,7,0,0.3,331,0.0,0.0,0.0,0.0,359,0,0,0.5,4.6,2023-05-13T14:00:00Z,9,20,0,0,0,0,36,0,52304,0.0,0,2,0.0,1,-162,317,479,51,True,0,,,,,,,,,,,,,,,,,,,,,,,
0,0,3,0,0.4,331,0.0,0.0,0.0,0.03,361,0,0,0.3,2.2,2023-05-20T14:00:00Z,4,3,0,0,0,0,37,0,53016,0.0,1,0,0.0,1,557,1024,467,51,False,0,,,,,,,,,,,,,,,,,,,,,,,
0,0,7,0,20.7,331,0.01,0.07,0.06,0.22,319,1,0,3.6,13.4,2023-05-25T19:00:00Z,20,6,0,0,0,0,37,0,53016,0.0,1,4,2.0,1,557,1024,467,51,True,0,,,,,,,,,,,,,,,,,,,,,,,
1,0,24,0,0.0,331,0.46,0.46,0.0,1.44,379,1,0,0.0,0.0,2023-05-28T15:30:00Z,65,9,0,0,0,0,38,0,52985,1.0,1,2,0.0,5,-75,424,499,51,True,0,,,,,,,,,,,,,,,,,,,,,,,
